1503601802497,-0.685,-0.594,0.133,0.401,0.903,-0.304,-0.20800000000000002,53.75,3.562,34.188
1503601802513,-0.6829999999999999,-0.598,0.124,0.4,0.8540000000000001,-0.321,-0.179,45.5,-0.062,34.062
1503601802535,-0.6809999999999999,-0.602,0.11599999999999999,0.4,0.8340000000000001,-0.305,-0.168,37.5,2.75,29.188000000000002
1503601802558,-0.68,-0.606,0.10800000000000001,0.39899999999999997,0.838,-0.379,-0.18899999999999997,46.438,7.75,24.625
1503601802573,-0.677,-0.612,0.10300000000000001,0.396,0.825,-0.37200000000000005,-0.17,42.812,19.812,15.312000000000001
1503601802595,-0.675,-0.616,0.099,0.39399999999999996,0.836,-0.302,-0.16699999999999998,29.75,18.562,12.5
1503601802617,-0.674,-0.618,0.096,0.39299999999999996,0.846,-0.292,-0.19,23.125,4.938,8.937999999999999
1503601802633,-0.675,-0.619,0.094,0.39,0.8390000000000001,-0.27899999999999997,-0.183,19.938,0.625,-1.25
1503601802655,-0.6759999999999999,-0.62,0.09300000000000001,0.38799999999999996,0.845,-0.284,-0.161,17.312,2.0,-4.0
1503601802677,-0.6759999999999999,-0.62,0.09300000000000001,0.387,0.85,-0.29100000000000004,-0.19899999999999998,10.875,1.75,-2.062
1503601802693,-0.677,-0.62,0.092,0.387,0.846,-0.29600000000000004,-0.207,4.938,-2.75,2.875
1503601802715,-0.6779999999999999,-0.619,0.091,0.387,0.858,-0.282,-0.204,2.25,-6.812,6.312
1503601802737,-0.679,-0.617,0.09,0.38799999999999996,0.867,-0.293,-0.2,1.8119999999999998,-9.187999999999999,5.562
1503601802753,-0.68,-0.616,0.08800000000000001,0.389,0.887,-0.319,-0.19699999999999998,-1.188,-12.625,9.375
1503601802775,-0.6809999999999999,-0.613,0.086,0.392,0.883,-0.335,-0.22399999999999998,-3.5,-16.562,14.375
1503601802797,-0.682,-0.611,0.084,0.39399999999999996,0.888,-0.332,-0.20600000000000002,-3.75,-19.625,15.062000000000001
1503601802813,-0.6829999999999999,-0.609,0.081,0.396,0.9059999999999999,-0.341,-0.19699999999999998,1.062,-20.062,15.687999999999999
1503601802836,-0.6829999999999999,-0.607,0.078,0.39799999999999996,0.905,-0.376,-0.203,4.75,-16.188,16.938
1503601802859,-0.684,-0.606,0.075,0.4,0.917,-0.397,-0.21,5.062,-12.562000000000001,16.438
1503601802873,-0.684,-0.606,0.07200000000000001,0.401,0.935,-0.39799999999999996,-0.193,5.812,-11.5,13.687999999999999
1503601802895,-0.684,-0.605,0.069,0.401,0.937,-0.39,-0.187,7.25,-12.5,12.625
1503601802924,-0.685,-0.604,0.067,0.402,0.938,-0.402,-0.201,5.812,-12.187999999999999,9.687999999999999
1503601802933,-0.685,-0.603,0.065,0.402,0.951,-0.40299999999999997,-0.218,3.625,-13.0,6.0
1503601802955,-0.6859999999999999,-0.603,0.064,0.402,0.946,-0.39399999999999996,-0.198,4.625,-11.562000000000001,3.25
1503601802977,-0.687,-0.602,0.063,0.402,0.9359999999999999,-0.4,-0.198,0.75,-9.375,1.3119999999999998
1503601802994,-0.687,-0.601,0.064,0.402,0.9279999999999999,-0.39399999999999996,-0.19399999999999998,-4.312,-4.688,-1.4380000000000002
1503601803015,-0.687,-0.601,0.066,0.40299999999999997,0.934,-0.391,-0.18100000000000002,-10.687999999999999,-1.8119999999999998,-5.25
1503601803038,-0.688,-0.6,0.069,0.40299999999999997,0.9359999999999999,-0.34600000000000003,-0.21,-14.312000000000001,-0.43799999999999994,-7.688
1503601803053,-0.6890000000000001,-0.599,0.07200000000000001,0.40299999999999997,0.907,-0.336,-0.209,-13.625,-2.312,-9.562000000000001
1503601803075,-0.6890000000000001,-0.597,0.07400000000000001,0.40299999999999997,0.902,-0.363,-0.222,-15.062000000000001,-1.6880000000000002,-9.125
1503601803098,-0.6890000000000001,-0.596,0.077,0.405,0.8809999999999999,-0.391,-0.225,-18.938,0.938,-8.625
1503601803113,-0.6890000000000001,-0.595,0.081,0.406,0.888,-0.385,-0.201,-24.375,3.875,-10.75
1503601803137,-0.6890000000000001,-0.593,0.086,0.40700000000000003,0.89,-0.374,-0.19699999999999998,-28.75,2.375,-13.125
1503601803158,-0.688,-0.5920000000000001,0.092,0.409,0.872,-0.35700000000000004,-0.153,-32.0,5.0,-12.75
1503601803180,-0.687,-0.591,0.098,0.41100000000000003,0.831,-0.35200000000000004,-0.153,-37.812,10.812000000000001,-13.687999999999999
1503601803196,-0.6859999999999999,-0.59,0.106,0.413,0.8540000000000001,-0.33899999999999997,-0.183,-45.0,12.25,-16.0
1503601803216,-0.6859999999999999,-0.586,0.114,0.41600000000000004,0.877,-0.278,-0.25,-51.0,7.438,-17.812
1503601803239,-0.6859999999999999,-0.5820000000000001,0.12300000000000001,0.419,0.858,-0.217,-0.27899999999999997,-52.312,3.562,-16.5
1503601803254,-0.6859999999999999,-0.578,0.132,0.423,0.8270000000000001,-0.195,-0.28300000000000003,-52.812,7.438,-12.687999999999999
1503601803276,-0.685,-0.575,0.141,0.426,0.828,-0.174,-0.276,-54.375,15.937999999999999,-13.437999999999999
1503601803299,-0.6829999999999999,-0.5720000000000001,0.151,0.428,0.866,-0.147,-0.282,-52.125,18.25,-13.937999999999999
1503601803314,-0.6829999999999999,-0.568,0.16,0.43200000000000005,0.919,-0.16,-0.313,-54.188,8.687999999999999,-11.625
1503601803337,-0.6829999999999999,-0.561,0.16699999999999998,0.43700000000000006,0.9179999999999999,-0.18100000000000002,-0.332,-55.625,-9.187999999999999,-5.875
1503601803359,-0.684,-0.5539999999999999,0.172,0.442,0.882,-0.204,-0.332,-54.375,-21.875,-2.75
1503601803374,-0.6859999999999999,-0.547,0.17600000000000002,0.447,0.8420000000000001,-0.22899999999999998,-0.337,-47.5,-22.311999999999998,-3.812
1503601803397,-0.6859999999999999,-0.541,0.18,0.452,0.853,-0.264,-0.33,-45.062,-16.812,-6.875
1503601803419,-0.687,-0.535,0.185,0.456,0.8959999999999999,-0.261,-0.331,-46.812,-12.125,-7.312
1503601803434,-0.687,-0.529,0.19,0.461,0.924,-0.251,-0.34299999999999997,-50.5,-16.625,-5.062
1503601803456,-0.688,-0.522,0.19399999999999998,0.465,0.941,-0.259,-0.349,-48.188,-25.125,-6.688
1503601803479,-0.688,-0.518,0.198,0.469,0.738,-0.371,-0.091,-48.938,-24.938000000000002,-12.75
1503601803494,-0.6890000000000001,-0.509,0.191,0.479,0.818,-0.507,-0.42,-32.625,-65.688,27.25
1503601803517,-0.672,-0.525,0.2,0.483,1.7,-0.509,0.048,-32.375,96.625,48.375
1503601803539,-0.6809999999999999,-0.51,0.214,0.48,1.4480000000000002,0.34299999999999997,-0.467,-64.25,-50.312,-52.25
1503601803554,-0.684,-0.507,0.207,0.48200000000000004,1.063,-0.40299999999999997,-0.33799999999999997,14.0,-54.562,2.812
1503601803576,-0.6859999999999999,-0.505,0.20600000000000002,0.48200000000000004,1.26,-0.363,-0.237,-7.125,-31.875,-12.937999999999999
1503601803599,-0.693,-0.496,0.204,0.48200000000000004,0.909,-0.142,-0.727,2.5,-38.562,-19.0
1503601803614,-0.688,-0.504,0.207,0.48,0.9279999999999999,-0.282,-0.308,3.75,49.188,4.438
1503601803637,-0.682,-0.511,0.209,0.48,0.937,-0.253,-0.317,3.75,50.125,13.187999999999999
1503601803659,-0.674,-0.519,0.21,0.48100000000000004,0.863,-0.255,-0.34600000000000003,6.125,58.25,32.188
1503601803674,-0.672,-0.52,0.213,0.48200000000000004,0.904,-0.166,-0.44,-11.25,27.75,6.938
1503601803700,-0.672,-0.519,0.214,0.483,0.9390000000000001,-0.158,-0.37200000000000005,-9.625,-0.125,-3.0
1503601803719,-0.675,-0.514,0.209,0.486,0.8590000000000001,-0.23399999999999999,-0.446,5.688,-37.625,11.5
1503601803736,-0.6759999999999999,-0.511,0.204,0.49,0.8009999999999999,-0.25,-0.345,0.25,-30.125,21.811999999999998
1503601803756,-0.677,-0.509,0.20199999999999999,0.49200000000000005,0.821,-0.22,-0.335,-3.312,-19.0,7.75
1503601803779,-0.677,-0.507,0.201,0.494,0.835,-0.23600000000000002,-0.32799999999999996,-6.938,-11.5,6.688
1503601803794,-0.677,-0.505,0.2,0.49700000000000005,0.828,-0.248,-0.349,-11.812000000000001,-12.625,8.5
1503601803817,-0.677,-0.502,0.2,0.5,0.8440000000000001,-0.23800000000000002,-0.364,-17.5,-19.562,6.688
1503601803839,-0.6779999999999999,-0.498,0.201,0.503,0.833,-0.207,-0.396,-21.188000000000002,-16.812,2.25
1503601803854,-0.679,-0.493,0.20199999999999999,0.505,0.8370000000000001,-0.19899999999999998,-0.401,-21.938000000000002,-17.0,-2.188
1503601803876,-0.6809999999999999,-0.488,0.203,0.507,0.847,-0.22,-0.397,-19.938,-23.375,-7.375
1503601803901,-0.6829999999999999,-0.483,0.203,0.508,0.882,-0.245,-0.377,-20.438,-28.0,-12.312000000000001
1503601803914,-0.6859999999999999,-0.478,0.205,0.51,0.884,-0.25,-0.384,-25.688000000000002,-29.0,-13.375
1503601803937,-0.687,-0.47200000000000003,0.207,0.512,0.867,-0.217,-0.406,-32.562,-22.561999999999998,-12.437999999999999
1503601803959,-0.688,-0.466,0.21100000000000002,0.514,0.8270000000000001,-0.165,-0.44299999999999995,-36.312,-16.0,-10.125
1503601803974,-0.6890000000000001,-0.461,0.215,0.517,0.851,-0.131,-0.43700000000000006,-36.75,-13.25,-8.562000000000001
1503601803996,-0.69,-0.456,0.21899999999999997,0.518,0.9009999999999999,-0.125,-0.431,-34.25,-14.562000000000001,-9.687999999999999
1503601804019,-0.69,-0.451,0.223,0.52,0.9309999999999999,-0.125,-0.42,-31.188000000000002,-17.438,-8.125
1503601804035,-0.691,-0.446,0.226,0.523,0.93,-0.12300000000000001,-0.434,-32.062,-20.625,-2.188
1503601804056,-0.691,-0.44,0.228,0.526,0.905,-0.122,-0.455,-33.875,-19.75,0.43799999999999994
1503601804079,-0.691,-0.435,0.23,0.529,0.8740000000000001,-0.125,-0.48,-33.25,-22.75,0.312
1503601804094,-0.6920000000000001,-0.428,0.23199999999999998,0.5329999999999999,0.882,-0.134,-0.488,-32.125,-26.625,-0.25
1503601804116,-0.693,-0.423,0.233,0.536,0.9009999999999999,-0.106,-0.485,-29.561999999999998,-28.561999999999998,2.438
1503601804139,-0.693,-0.418,0.23399999999999999,0.539,0.872,-0.07400000000000001,-0.49200000000000005,-24.125,-21.438000000000002,5.062
1503601804154,-0.693,-0.414,0.23399999999999999,0.542,0.863,-0.083,-0.511,-20.062,-21.0,7.562
1503601804177,-0.693,-0.409,0.23399999999999999,0.545,0.8540000000000001,-0.128,-0.524,-19.438,-25.0,7.562
1503601804199,-0.6940000000000001,-0.405,0.233,0.5479999999999999,0.833,-0.17600000000000002,-0.501,-19.375,-27.375,3.375
1503601804214,-0.6940000000000001,-0.401,0.23399999999999999,0.551,0.8440000000000001,-0.18899999999999997,-0.514,-21.375,-17.125,-0.562
1503601804237,-0.693,-0.39799999999999996,0.235,0.5529999999999999,0.847,-0.145,-0.5429999999999999,-23.438000000000002,-6.688,0.375
1503601804259,-0.693,-0.395,0.237,0.555,0.841,-0.10400000000000001,-0.542,-20.125,-8.75,1.188
1503601804274,-0.6940000000000001,-0.392,0.237,0.556,0.857,-0.128,-0.505,-13.75,-19.812,-6.938
1503601804296,-0.695,-0.38799999999999996,0.237,0.556,0.8640000000000001,-0.174,-0.462,-14.125,-24.438000000000002,-12.687999999999999
1503601804319,-0.696,-0.385,0.239,0.557,0.86,-0.17800000000000002,-0.47700000000000004,-21.375,-19.562,-10.75
1503601804338,-0.696,-0.381,0.24100000000000002,0.5579999999999999,0.823,-0.121,-0.514,-25.438000000000002,-9.625,-9.5
1503601804356,-0.696,-0.379,0.245,0.5579999999999999,0.7859999999999999,-0.09300000000000001,-0.518,-23.75,1.375,-11.437999999999999
1503601804379,-0.696,-0.377,0.249,0.5579999999999999,0.8220000000000001,-0.098,-0.485,-22.561999999999998,1.3119999999999998,-16.688
1503601804394,-0.696,-0.375,0.253,0.557,0.855,-0.138,-0.461,-25.311999999999998,3.375,-18.562
1503601804416,-0.695,-0.373,0.258,0.557,0.8690000000000001,-0.134,-0.507,-31.811999999999998,5.5,-14.562000000000001
1503601804439,-0.693,-0.37200000000000005,0.263,0.5579999999999999,0.912,-0.073,-0.5920000000000001,-29.561999999999998,10.687999999999999,-2.812
1503601804454,-0.69,-0.373,0.267,0.56,0.9540000000000001,0.005,-0.7070000000000001,-17.25,27.5,18.812
1503601804480,-0.6859999999999999,-0.374,0.267,0.564,0.8390000000000001,-0.078,-0.595,-14.375,11.562000000000001,24.625
1503601804499,-0.684,-0.374,0.267,0.5660000000000001,0.903,-0.151,-0.48,-11.125,-7.125,6.625
1503601804514,-0.684,-0.373,0.268,0.5660000000000001,0.873,-0.114,-0.5429999999999999,-10.062000000000001,0.5,-4.0
1503601804538,-0.6829999999999999,-0.373,0.27,0.5670000000000001,0.8170000000000001,-0.081,-0.531,-11.312000000000001,5.875,0.5
1503601804559,-0.6809999999999999,-0.374,0.273,0.5670000000000001,0.795,-0.04,-0.5,-11.25,17.625,4.125
1503601804574,-0.679,-0.377,0.276,0.5670000000000001,0.8170000000000001,-0.053,-0.486,-4.25,25.125,1.5
1503601804596,-0.677,-0.38,0.278,0.5660000000000001,0.8420000000000001,-0.10099999999999999,-0.494,-0.875,24.25,-0.5
1503601804619,-0.675,-0.382,0.28,0.5660000000000001,0.838,-0.07200000000000001,-0.5429999999999999,-2.938,22.375,3.062
1503601804634,-0.674,-0.38299999999999995,0.282,0.565,0.8370000000000001,-0.023,-0.5539999999999999,-5.562,20.125,3.875
1503601804656,-0.672,-0.385,0.285,0.565,0.847,-0.012,-0.49,-5.188,20.561999999999998,3.0
1503601804679,-0.669,-0.38799999999999996,0.28800000000000003,0.565,0.867,-0.055,-0.44,-3.562,22.561999999999998,4.562
1503601804694,-0.667,-0.391,0.289,0.565,0.8859999999999999,-0.078,-0.45299999999999996,-3.188,19.312,7.125
1503601804716,-0.665,-0.392,0.29100000000000004,0.565,0.9109999999999999,-0.057,-0.498,-3.25,13.312000000000001,7.75
1503601804739,-0.664,-0.39299999999999996,0.292,0.5660000000000001,0.8909999999999999,-0.033,-0.51,-3.188,8.812000000000001,5.625
1503601804754,-0.6629999999999999,-0.39299999999999996,0.292,0.5660000000000001,0.867,-0.025,-0.46799999999999997,-2.75,5.125,4.25
1503601804777,-0.662,-0.39399999999999996,0.293,0.5660000000000001,0.877,-0.040999999999999995,-0.44799999999999995,-1.5619999999999998,4.312,4.438
1503601804799,-0.6609999999999999,-0.395,0.294,0.5660000000000001,0.8809999999999999,-0.059000000000000004,-0.45799999999999996,-0.812,6.625,5.062
1503601804815,-0.66,-0.396,0.294,0.5670000000000001,0.889,-0.059000000000000004,-0.47600000000000003,-2.938,7.875,4.375
1503601804836,-0.659,-0.396,0.29600000000000004,0.5670000000000001,0.895,-0.048,-0.483,-2.688,8.312000000000001,1.625
1503601804859,-0.6579999999999999,-0.397,0.29600000000000004,0.5670000000000001,0.882,-0.07,-0.462,-1.125,7.0,0.5
1503601804875,-0.6579999999999999,-0.39799999999999996,0.297,0.5670000000000001,0.893,-0.09300000000000001,-0.45399999999999996,-1.9380000000000002,6.375,1.062
1503601804897,-0.657,-0.39799999999999996,0.297,0.5670000000000001,0.8959999999999999,-0.086,-0.441,-3.875,2.562,2.875
1503601804919,-0.6559999999999999,-0.39799999999999996,0.298,0.568,0.892,-0.07400000000000001,-0.45399999999999996,-5.375,-0.062,2.938
1503601804935,-0.6559999999999999,-0.397,0.298,0.568,0.879,-0.052000000000000005,-0.473,-4.875,-1.062,1.6880000000000002
1503601804956,-0.6559999999999999,-0.397,0.299,0.569,0.863,-0.045,-0.47,-4.375,-1.6880000000000002,0.75
1503601804979,-0.655,-0.396,0.299,0.57,0.8740000000000001,-0.051,-0.447,-3.438,-3.688,1.5
1503601804995,-0.655,-0.396,0.299,0.57,0.899,-0.06,-0.469,-4.125,-2.125,3.125
1503601805017,-0.654,-0.395,0.299,0.5710000000000001,0.878,-0.053,-0.48700000000000004,-7.0,-1.062,4.312
1503601805039,-0.654,-0.39399999999999996,0.299,0.573,0.868,-0.053,-0.47700000000000004,-7.375,-4.188,2.938
1503601805055,-0.654,-0.39299999999999996,0.3,0.573,0.879,-0.057999999999999996,-0.45399999999999996,-6.5,-3.75,2.562
1503601805076,-0.653,-0.392,0.3,0.575,0.8909999999999999,-0.075,-0.44799999999999995,-6.188,-6.625,3.062
1503601805099,-0.653,-0.391,0.299,0.5760000000000001,0.8959999999999999,-0.081,-0.46399999999999997,-6.5,-8.25,1.062
1503601805115,-0.653,-0.389,0.3,0.5760000000000001,0.868,-0.062,-0.494,-7.0,-5.688,-0.938
1503601805136,-0.653,-0.38799999999999996,0.3,0.5770000000000001,0.872,-0.048,-0.467,-6.75,-4.188,-1.375
1503601805159,-0.653,-0.387,0.301,0.5770000000000001,0.879,-0.040999999999999995,-0.446,-5.688,-3.188,-0.562
1503601805176,-0.653,-0.387,0.301,0.578,0.88,-0.065,-0.439,-4.062,-5.062,0.875
1503601805196,-0.653,-0.386,0.301,0.578,0.882,-0.07400000000000001,-0.46399999999999997,-2.875,-6.0,0.375
1503601805219,-0.653,-0.385,0.3,0.579,0.86,-0.062,-0.48,-2.875,-5.5,-0.812
1503601805235,-0.654,-0.384,0.3,0.579,0.851,-0.046,-0.479,-1.6880000000000002,-5.938,-1.375
1503601805256,-0.654,-0.38299999999999995,0.3,0.58,0.855,-0.04,-0.47700000000000004,-0.312,-5.688,0.43799999999999994
1503601805280,-0.654,-0.38299999999999995,0.299,0.58,0.857,-0.043,-0.479,0.5,-5.0,2.375
1503601805295,-0.654,-0.382,0.298,0.581,0.8590000000000001,-0.059000000000000004,-0.486,1.4380000000000002,-4.875,2.25
1503601805317,-0.654,-0.382,0.297,0.581,0.852,-0.06,-0.49,1.062,-5.062,1.6880000000000002
1503601805339,-0.654,-0.382,0.297,0.581,0.8540000000000001,-0.051,-0.5,1.5,-3.125,0.562
1503601805355,-0.655,-0.381,0.297,0.581,0.856,-0.045,-0.489,1.125,-3.75,-0.5
1503601805378,-0.655,-0.381,0.297,0.581,0.867,-0.047,-0.475,1.4380000000000002,-1.0,1.125
1503601805399,-0.654,-0.382,0.297,0.581,0.871,-0.062,-0.489,1.9380000000000002,4.125,2.312
1503601805416,-0.654,-0.38299999999999995,0.297,0.581,0.866,-0.069,-0.496,1.875,3.938,0.062
1503601805436,-0.654,-0.38299999999999995,0.297,0.581,0.879,-0.063,-0.485,1.5619999999999998,2.0,-1.75
1503601805459,-0.654,-0.38299999999999995,0.297,0.581,0.875,-0.057,-0.474,1.062,1.0,-1.25
1503601805481,-0.654,-0.384,0.297,0.58,0.8909999999999999,-0.068,-0.478,1.062,1.3119999999999998,-0.625
1503601805504,-0.654,-0.384,0.297,0.58,0.879,-0.066,-0.489,0.875,1.188,0.375
1503601805519,-0.654,-0.384,0.297,0.581,0.8640000000000001,-0.06,-0.491,0.062,-1.75,0.938
1503601805536,-0.654,-0.384,0.297,0.581,0.8540000000000001,-0.057,-0.49,-0.43799999999999994,-2.625,0.938
1503601805556,-0.654,-0.38299999999999995,0.29600000000000004,0.581,0.856,-0.055999999999999994,-0.484,-0.43799999999999994,-3.312,1.062
1503601805579,-0.654,-0.38299999999999995,0.29600000000000004,0.5820000000000001,0.865,-0.06,-0.493,-0.5,-2.75,1.125
1503601805594,-0.654,-0.38299999999999995,0.29600000000000004,0.5820000000000001,0.853,-0.07200000000000001,-0.489,-0.875,-1.0,1.188
1503601805616,-0.654,-0.382,0.29600000000000004,0.5820000000000001,0.8590000000000001,-0.06,-0.48700000000000004,-0.938,-2.0,0.75
1503601805639,-0.654,-0.382,0.29600000000000004,0.583,0.8590000000000001,-0.054000000000000006,-0.489,-0.562,-2.438,0.125
1503601805655,-0.654,-0.382,0.295,0.583,0.856,-0.057999999999999996,-0.486,0.75,-3.688,0.0
1503601805676,-0.654,-0.382,0.295,0.583,0.8690000000000001,-0.07,-0.486,1.25,-3.75,-0.625
1503601805699,-0.654,-0.381,0.294,0.583,0.857,-0.068,-0.48100000000000004,0.188,-3.25,-0.562
1503601805716,-0.654,-0.381,0.294,0.583,0.855,-0.057999999999999996,-0.484,-0.43799999999999994,-3.312,0.938
1503601805736,-0.655,-0.381,0.294,0.583,0.852,-0.054000000000000006,-0.498,1.25,-2.938,0.75
1503601805759,-0.655,-0.381,0.293,0.584,0.8540000000000001,-0.071,-0.507,2.062,-1.8119999999999998,0.938
1503601805775,-0.655,-0.381,0.292,0.584,0.8690000000000001,-0.081,-0.5,1.625,-3.562,1.188
1503601805798,-0.655,-0.38,0.292,0.584,0.882,-0.066,-0.498,0.375,-4.188,0.938
1503601805819,-0.655,-0.38,0.29100000000000004,0.585,0.858,-0.055,-0.48100000000000004,0.25,-5.688,1.5
1503601805835,-0.655,-0.379,0.29100000000000004,0.585,0.863,-0.052000000000000005,-0.488,0.75,-7.312,2.188
1503601805857,-0.6559999999999999,-0.37799999999999995,0.289,0.586,0.872,-0.047,-0.515,1.5619999999999998,-10.687999999999999,4.188
1503601805880,-0.6559999999999999,-0.377,0.28800000000000003,0.5870000000000001,0.861,-0.048,-0.518,0.562,-13.0,5.562
1503601805895,-0.6559999999999999,-0.376,0.28600000000000003,0.588,0.8370000000000001,-0.055999999999999994,-0.49,1.6880000000000002,-12.812000000000001,4.062
1503601805917,-0.657,-0.375,0.285,0.589,0.846,-0.073,-0.495,3.25,-8.875,2.125
1503601805939,-0.657,-0.376,0.284,0.589,0.847,-0.099,-0.518,1.25,-1.75,2.0
1503601805956,-0.657,-0.376,0.284,0.589,0.8540000000000001,-0.09,-0.52,-0.312,-0.5,1.188
1503601805977,-0.6559999999999999,-0.376,0.284,0.589,0.8740000000000001,-0.081,-0.524,-0.312,-1.625,0.812
1503601805999,-0.6559999999999999,-0.375,0.284,0.59,0.86,-0.075,-0.52,-1.75,-4.875,0.938
1503601806016,-0.657,-0.374,0.28300000000000003,0.591,0.836,-0.065,-0.506,-1.625,-7.438,2.0
1503601806037,-0.657,-0.374,0.28300000000000003,0.591,0.836,-0.07,-0.523,-0.75,-4.0,2.125
1503601806059,-0.6559999999999999,-0.373,0.282,0.5920000000000001,0.833,-0.073,-0.53,-0.375,-0.938,1.875
1503601806076,-0.657,-0.373,0.282,0.5920000000000001,0.8540000000000001,-0.07200000000000001,-0.531,0.0,-2.062,0.75
1503601806112,-0.657,-0.373,0.282,0.5920000000000001,0.848,-0.077,-0.522,0.188,-2.0,0.688
1503601806120,-0.657,-0.37200000000000005,0.281,0.5920000000000001,0.835,-0.063,-0.515,0.562,-4.562,0.625
1503601806135,-0.657,-0.37200000000000005,0.281,0.5920000000000001,0.823,-0.066,-0.523,0.938,-1.6880000000000002,0.188
1503601806157,-0.657,-0.37200000000000005,0.281,0.5920000000000001,0.821,-0.078,-0.529,0.688,1.4380000000000002,-0.062
1503601806179,-0.657,-0.373,0.281,0.5920000000000001,0.8320000000000001,-0.083,-0.527,-0.5,5.062,-1.25
1503601806195,-0.6559999999999999,-0.373,0.282,0.5920000000000001,0.852,-0.079,-0.529,-0.188,5.25,-1.25
1503601806217,-0.6559999999999999,-0.374,0.28300000000000003,0.5920000000000001,0.846,-0.07400000000000001,-0.523,-0.125,3.938,-1.0
1503601806239,-0.6559999999999999,-0.374,0.28300000000000003,0.591,0.8490000000000001,-0.079,-0.513,-0.562,1.5619999999999998,-1.8119999999999998
1503601806255,-0.6559999999999999,-0.374,0.28300000000000003,0.591,0.8440000000000001,-0.076,-0.503,-0.188,1.0,-0.875
1503601806277,-0.6559999999999999,-0.374,0.28300000000000003,0.591,0.8440000000000001,-0.076,-0.512,0.43799999999999994,0.562,-0.188
1503601806299,-0.6559999999999999,-0.374,0.28300000000000003,0.591,0.846,-0.078,-0.52,0.062,4.0,-0.312
1503601806318,-0.655,-0.375,0.284,0.591,0.84,-0.08199999999999999,-0.51,-1.3119999999999998,4.75,0.375
1503601806337,-0.655,-0.375,0.285,0.591,0.861,-0.08199999999999999,-0.51,-2.125,3.5,-0.375
1503601806359,-0.654,-0.375,0.285,0.591,0.856,-0.064,-0.522,-1.75,4.375,-0.875
1503601806375,-0.654,-0.375,0.28600000000000003,0.591,0.861,-0.065,-0.509,-1.062,2.062,-0.688
1503601806397,-0.654,-0.375,0.28600000000000003,0.591,0.851,-0.065,-0.511,-0.5,1.6880000000000002,-1.188
1503601806420,-0.654,-0.376,0.287,0.591,0.838,-0.069,-0.49700000000000005,-0.875,2.312,-1.125
1503601806435,-0.654,-0.376,0.287,0.591,0.86,-0.078,-0.515,-1.062,2.062,-1.062
1503601806457,-0.654,-0.376,0.28800000000000003,0.591,0.85,-0.073,-0.517,-1.9380000000000002,3.375,-0.75
1503601806479,-0.654,-0.376,0.28800000000000003,0.59,0.85,-0.06,-0.511,-2.25,2.75,-0.75
1503601806503,-0.653,-0.376,0.289,0.59,0.855,-0.064,-0.508,-0.812,2.188,-0.5
1503601806520,-0.653,-0.376,0.289,0.591,0.8490000000000001,-0.083,-0.507,-1.062,0.688,-0.25
1503601806539,-0.653,-0.376,0.289,0.591,0.8590000000000001,-0.08199999999999999,-0.507,-1.75,-0.125,0.43799999999999994
1503601806562,-0.653,-0.376,0.289,0.591,0.852,-0.08,-0.505,-1.8119999999999998,0.5,0.812
1503601806577,-0.652,-0.376,0.289,0.591,0.856,-0.065,-0.499,-1.3119999999999998,0.062,0.25
1503601806599,-0.652,-0.376,0.289,0.591,0.856,-0.063,-0.506,-1.0,0.312,0.312
1503601806615,-0.652,-0.376,0.289,0.591,0.852,-0.073,-0.506,-0.75,-0.062,0.188
1503601806637,-0.652,-0.376,0.29,0.591,0.852,-0.076,-0.502,-0.75,0.562,0.188
1503601806659,-0.652,-0.376,0.29,0.5920000000000001,0.85,-0.076,-0.507,-0.875,1.3119999999999998,-0.125
1503601806675,-0.652,-0.376,0.29,0.5920000000000001,0.8540000000000001,-0.07400000000000001,-0.509,-1.062,1.5,-0.688
1503601806697,-0.6509999999999999,-0.376,0.29,0.5920000000000001,0.8540000000000001,-0.069,-0.51,-1.3119999999999998,1.4380000000000002,-1.0
1503601806721,-0.6509999999999999,-0.376,0.29100000000000004,0.5920000000000001,0.852,-0.06,-0.505,-1.3119999999999998,0.5,-0.25
1503601806735,-0.6509999999999999,-0.376,0.29100000000000004,0.5920000000000001,0.847,-0.062,-0.501,-0.312,-0.5,-0.062
1503601806758,-0.6509999999999999,-0.376,0.29100000000000004,0.5920000000000001,0.853,-0.076,-0.498,-0.125,0.312,-0.125
1503601806780,-0.6509999999999999,-0.376,0.29100000000000004,0.5920000000000001,0.855,-0.08,-0.49700000000000005,-1.4380000000000002,1.0,-0.25
1503601806802,-0.6509999999999999,-0.376,0.29100000000000004,0.5920000000000001,0.855,-0.076,-0.501,-1.6880000000000002,0.625,0.25
1503601806818,-0.6509999999999999,-0.376,0.29100000000000004,0.5920000000000001,0.856,-0.062,-0.514,-1.25,-1.25,0.5
1503601806839,-0.6509999999999999,-0.375,0.29100000000000004,0.5920000000000001,0.851,-0.066,-0.512,-1.062,-1.5619999999999998,0.375
1503601806855,-0.6509999999999999,-0.375,0.29100000000000004,0.593,0.85,-0.065,-0.501,-1.0,-1.6880000000000002,0.938
1503601806877,-0.6509999999999999,-0.375,0.29100000000000004,0.593,0.847,-0.065,-0.494,-0.938,-0.062,0.688
1503601806900,-0.65,-0.375,0.29100000000000004,0.593,0.85,-0.076,-0.498,-1.125,1.5619999999999998,-0.188
1503601806915,-0.65,-0.375,0.292,0.593,0.858,-0.079,-0.505,-1.5,1.625,-0.562
1503601806937,-0.65,-0.375,0.292,0.593,0.857,-0.073,-0.51,-2.188,0.812,-0.688
1503601806960,-0.65,-0.375,0.292,0.593,0.855,-0.065,-0.513,-2.188,0.43799999999999994,-1.062
1503601806975,-0.65,-0.375,0.293,0.593,0.853,-0.067,-0.505,-1.75,1.5,-1.4380000000000002
1503601806997,-0.65,-0.375,0.293,0.593,0.8540000000000001,-0.073,-0.49200000000000005,-1.75,2.438,-2.125
1503601807020,-0.65,-0.375,0.294,0.593,0.855,-0.066,-0.494,-1.5619999999999998,1.6880000000000002,-2.188
1503601807035,-0.65,-0.374,0.294,0.593,0.8540000000000001,-0.059000000000000004,-0.508,-1.6880000000000002,0.062,-1.625
1503601807058,-0.65,-0.374,0.294,0.593,0.8490000000000001,-0.055999999999999994,-0.505,-1.375,-0.75,-0.938
1503601807080,-0.65,-0.374,0.294,0.593,0.85,-0.068,-0.505,-0.375,0.0,-0.688
1503601807095,-0.65,-0.374,0.295,0.593,0.86,-0.071,-0.5,-0.625,1.5,-1.062
1503601807118,-0.649,-0.375,0.295,0.5920000000000001,0.8640000000000001,-0.068,-0.498,-0.812,2.625,-0.875
1503601807139,-0.649,-0.375,0.295,0.593,0.863,-0.077,-0.49200000000000005,-1.188,0.43799999999999994,-0.875
1503601807157,-0.649,-0.374,0.29600000000000004,0.593,0.86,-0.068,-0.493,-1.625,-1.125,-1.0
1503601807177,-0.649,-0.374,0.29600000000000004,0.593,0.848,-0.053,-0.5,-0.812,-0.375,-1.0
1503601807199,-0.649,-0.374,0.29600000000000004,0.5920000000000001,0.852,-0.061,-0.503,0.562,1.375,-1.125
1503601807215,-0.649,-0.375,0.29600000000000004,0.5920000000000001,0.8540000000000001,-0.06,-0.5,0.5,3.25,-1.25
1503601807237,-0.649,-0.375,0.29600000000000004,0.5920000000000001,0.858,-0.057,-0.493,0.562,1.875,0.25
1503601807260,-0.649,-0.375,0.29600000000000004,0.5920000000000001,0.862,-0.053,-0.49200000000000005,1.062,0.5,0.0
1503601807275,-0.649,-0.375,0.29600000000000004,0.5920000000000001,0.866,-0.063,-0.507,1.3119999999999998,1.188,0.625
1503601807298,-0.649,-0.376,0.29600000000000004,0.5920000000000001,0.8690000000000001,-0.07400000000000001,-0.501,0.938,2.062,0.125
1503601807321,-0.648,-0.376,0.297,0.5920000000000001,0.878,-0.076,-0.489,0.312,2.438,-0.562
1503601807335,-0.648,-0.377,0.297,0.5920000000000001,0.878,-0.063,-0.496,1.3119999999999998,1.625,-0.188
1503601807380,-0.648,-0.377,0.297,0.591,0.8490000000000001,-0.052000000000000005,-0.5,2.0,2.375,-2.0
1503601807388,-0.649,-0.377,0.297,0.591,0.843,-0.051,-0.49700000000000005,3.438,2.375,-2.125
1503601807401,-0.649,-0.37799999999999995,0.297,0.59,0.8490000000000001,-0.066,-0.478,3.25,2.938,-1.3119999999999998
1503601807419,-0.648,-0.37799999999999995,0.297,0.59,0.87,-0.078,-0.496,1.5619999999999998,3.688,-0.625
1503601807439,-0.648,-0.379,0.297,0.59,0.86,-0.071,-0.503,-0.062,3.812,0.75
1503601807461,-0.648,-0.379,0.298,0.59,0.856,-0.068,-0.493,-0.625,4.438,-0.5
1503601807477,-0.647,-0.38,0.298,0.59,0.879,-0.062,-0.494,-0.25,2.875,-0.312
1503601807500,-0.647,-0.38,0.298,0.59,0.8740000000000001,-0.07,-0.489,-0.562,-0.312,0.562
1503601807515,-0.647,-0.379,0.298,0.59,0.8690000000000001,-0.07,-0.48,-3.688,-5.25,0.062
1503601807537,-0.647,-0.37799999999999995,0.298,0.591,0.8640000000000001,-0.059000000000000004,-0.47,-3.688,-7.688,0.375
1503601807568,-0.647,-0.377,0.298,0.5920000000000001,0.8390000000000001,-0.065,-0.489,-3.875,-5.0,0.188
1503601807581,-0.648,-0.376,0.298,0.5920000000000001,0.85,-0.062,-0.508,-3.688,-3.312,-1.188
1503601807597,-0.647,-0.376,0.299,0.5920000000000001,0.8490000000000001,-0.071,-0.517,-3.062,2.312,-1.9380000000000002
1503601807619,-0.647,-0.375,0.299,0.5920000000000001,0.858,-0.053,-0.49700000000000005,-3.5,2.312,-1.5
1503601807642,-0.647,-0.375,0.3,0.5920000000000001,0.8540000000000001,-0.059000000000000004,-0.49,-2.312,2.688,-0.062
1503601807659,-0.647,-0.375,0.3,0.5920000000000001,0.851,-0.062,-0.488,-2.438,1.25,-0.125
1503601807680,-0.6459999999999999,-0.375,0.301,0.5920000000000001,0.868,-0.067,-0.48200000000000004,-3.438,1.5619999999999998,-0.688
1503601807702,-0.6459999999999999,-0.375,0.302,0.593,0.868,-0.063,-0.488,-4.938,3.25,0.125
1503601807717,-0.645,-0.375,0.302,0.593,0.8740000000000001,-0.052000000000000005,-0.489,-3.5,0.375,-0.312
1503601807740,-0.645,-0.375,0.303,0.593,0.877,-0.052000000000000005,-0.5,-2.25,-1.125,-0.938
1503601807762,-0.645,-0.374,0.303,0.593,0.855,-0.054000000000000006,-0.491,-2.438,-0.125,-0.875
1503601807777,-0.645,-0.374,0.304,0.593,0.8420000000000001,-0.057999999999999996,-0.485,-3.438,2.062,-2.438
1503601807800,-0.645,-0.374,0.305,0.593,0.855,-0.061,-0.491,-5.625,7.25,-2.562
1503601807822,-0.644,-0.374,0.306,0.593,0.8540000000000001,-0.055,-0.479,-5.812,7.688,-0.75
1503601807837,-0.643,-0.375,0.308,0.593,0.878,-0.057,-0.489,-4.688,6.5,-2.125
1503601807861,-0.643,-0.375,0.309,0.5920000000000001,0.873,-0.049,-0.48100000000000004,-4.25,5.562,-2.0
1503601807882,-0.642,-0.375,0.31,0.5920000000000001,0.862,-0.049,-0.48100000000000004,-3.625,5.125,-0.625
1503601807898,-0.642,-0.375,0.311,0.5920000000000001,0.855,-0.049,-0.501,-3.562,10.125,-1.0
1503601807920,-0.64,-0.377,0.313,0.591,0.855,-0.048,-0.479,-5.0,16.5,-1.25
1503601807942,-0.639,-0.37799999999999995,0.315,0.591,0.8690000000000001,-0.048,-0.43799999999999994,-3.375,15.687999999999999,0.562
1503601807957,-0.638,-0.379,0.316,0.59,0.934,-0.075,-0.46399999999999997,-0.5,6.562,-1.188
1503601807980,-0.638,-0.38,0.317,0.59,0.9520000000000001,-0.055999999999999994,-0.484,-1.875,2.75,-1.25
1503601808002,-0.638,-0.379,0.317,0.591,0.9,-0.033,-0.48,-1.75,-0.875,1.8119999999999998
1503601808017,-0.638,-0.379,0.317,0.591,0.8540000000000001,-0.017,-0.466,-0.812,-2.062,1.5619999999999998
1503601808040,-0.637,-0.379,0.318,0.591,0.855,-0.015,-0.44,-1.9380000000000002,0.938,2.312
1503601808069,-0.636,-0.379,0.318,0.5920000000000001,0.895,-0.05,-0.406,-4.0,-0.312,4.688
1503601808077,-0.635,-0.379,0.319,0.5920000000000001,0.9229999999999999,-0.057999999999999996,-0.47700000000000004,-5.625,4.5,4.75
1503601808100,-0.634,-0.379,0.319,0.594,0.903,-0.049,-0.484,-5.875,-1.6880000000000002,5.812
1503601808122,-0.634,-0.37799999999999995,0.318,0.595,0.87,-0.04,-0.46799999999999997,-6.25,-8.5,6.125
1503601808138,-0.634,-0.376,0.318,0.596,0.851,-0.025,-0.473,-5.312,-4.625,3.562
1503601808160,-0.633,-0.376,0.319,0.597,0.83,-0.038,-0.434,-3.125,-0.25,3.625
1503601808189,-0.633,-0.376,0.318,0.597,0.9009999999999999,-0.083,-0.475,-1.0,-5.812,1.5
1503601808198,-0.633,-0.375,0.317,0.598,0.892,-0.079,-0.542,-2.125,-3.062,0.0
1503601808220,-0.633,-0.374,0.316,0.599,0.833,-0.069,-0.48700000000000004,-3.25,-10.125,2.188
1503601808242,-0.633,-0.37200000000000005,0.315,0.601,0.836,-0.046,-0.45799999999999996,-6.312,-9.875,4.375
1503601808257,-0.632,-0.37200000000000005,0.316,0.602,0.8370000000000001,-0.032,-0.475,-5.0,1.875,4.438
1503601808280,-0.631,-0.373,0.317,0.602,0.835,-0.048,-0.479,-2.562,11.437999999999999,4.875
1503601808302,-0.63,-0.374,0.318,0.602,0.899,-0.057999999999999996,-0.465,-2.688,7.062,6.25
1503601808317,-0.629,-0.374,0.318,0.603,0.922,-0.057,-0.48700000000000004,-2.625,0.812,6.625
1503601808340,-0.628,-0.374,0.317,0.604,0.9,-0.062,-0.462,-2.688,-8.937999999999999,6.188
1503601808362,-0.628,-0.37200000000000005,0.316,0.606,0.873,-0.064,-0.45299999999999996,-4.5,-14.312000000000001,6.062
1503601808377,-0.627,-0.371,0.315,0.608,0.865,-0.046,-0.45899999999999996,-6.0,-10.125,7.688
1503601808400,-0.627,-0.37,0.315,0.609,0.857,-0.059000000000000004,-0.491,-6.0,-3.625,7.0
1503601808422,-0.626,-0.37,0.315,0.61,0.857,-0.067,-0.515,-5.375,3.188,4.562
1503601808436,-0.625,-0.37,0.316,0.611,0.8759999999999999,-0.065,-0.465,-5.562,3.312,4.25
1503601808459,-0.624,-0.37,0.316,0.612,0.92,-0.079,-0.45299999999999996,-5.562,-5.562,5.312
1503601808481,-0.623,-0.369,0.315,0.613,0.915,-0.055999999999999994,-0.449,-6.188,-13.5,5.0
1503601808496,-0.624,-0.366,0.314,0.615,0.871,-0.049,-0.486,-4.375,-20.5,3.312
1503601808519,-0.625,-0.364,0.312,0.617,0.826,-0.051,-0.506,-3.375,-20.25,2.812
1503601808541,-0.625,-0.36200000000000004,0.31,0.618,0.804,-0.062,-0.495,-3.312,-12.937999999999999,3.188
1503601808557,-0.625,-0.361,0.31,0.619,0.831,-0.077,-0.531,-2.5,-2.312,1.375
1503601808579,-0.625,-0.361,0.31,0.619,0.8190000000000001,-0.057,-0.5379999999999999,-1.875,2.312,-0.625
1503601808601,-0.625,-0.36,0.31,0.619,0.835,-0.06,-0.516,-0.25,-2.062,-1.4380000000000002
1503601808616,-0.625,-0.36,0.31,0.619,0.858,-0.077,-0.505,-1.125,-1.5,0.875
1503601808639,-0.625,-0.36,0.309,0.62,0.871,-0.077,-0.49200000000000005,-2.938,-2.5,3.125
1503601808661,-0.624,-0.36,0.309,0.621,0.865,-0.059000000000000004,-0.502,-2.875,-1.5,3.438
1503601808676,-0.624,-0.36,0.309,0.621,0.853,-0.055,-0.515,-1.125,-2.688,2.688
1503601808700,-0.624,-0.359,0.309,0.622,0.8540000000000001,-0.069,-0.496,-0.688,-4.438,2.062
1503601808721,-0.624,-0.359,0.309,0.622,0.868,-0.075,-0.49,-2.5,-3.875,2.188
1503601808737,-0.623,-0.359,0.309,0.623,0.866,-0.069,-0.499,-3.188,-3.062,2.062
1503601808759,-0.623,-0.358,0.309,0.623,0.867,-0.061,-0.507,-2.812,-1.625,1.125
1503601808781,-0.623,-0.358,0.308,0.624,0.855,-0.057999999999999996,-0.52,-2.125,-3.625,1.6880000000000002
1503601808796,-0.623,-0.35700000000000004,0.308,0.624,0.845,-0.066,-0.51,-1.125,-6.25,1.4380000000000002
1503601808819,-0.623,-0.35600000000000004,0.307,0.625,0.848,-0.073,-0.508,-2.062,-6.062,0.5
1503601808841,-0.623,-0.35600000000000004,0.307,0.625,0.8440000000000001,-0.07,-0.509,-3.5,-3.688,1.625
1503601808856,-0.622,-0.355,0.307,0.626,0.852,-0.069,-0.503,-3.25,-3.0,2.375
1503601808879,-0.622,-0.355,0.307,0.627,0.85,-0.065,-0.512,-3.188,-3.438,2.25
1503601808902,-0.622,-0.354,0.306,0.628,0.841,-0.059000000000000004,-0.524,-2.438,-7.188,2.5
1503601808916,-0.622,-0.353,0.305,0.628,0.8390000000000001,-0.067,-0.516,-1.4380000000000002,-8.937999999999999,2.75
1503601808939,-0.622,-0.35200000000000004,0.305,0.629,0.8370000000000001,-0.07200000000000001,-0.515,-1.75,-7.625,2.125
1503601808961,-0.622,-0.35200000000000004,0.304,0.63,0.84,-0.07400000000000001,-0.516,-1.75,-4.5,2.062
1503601808977,-0.622,-0.35100000000000003,0.304,0.63,0.8420000000000001,-0.066,-0.525,-1.3119999999999998,-3.875,2.062
1503601808999,-0.622,-0.35100000000000003,0.303,0.631,0.83,-0.065,-0.532,-0.75,-3.75,1.9380000000000002
1503601809021,-0.622,-0.35,0.303,0.632,0.8370000000000001,-0.066,-0.531,-0.562,-5.188,2.625
1503601809036,-0.622,-0.35,0.302,0.632,0.8320000000000001,-0.067,-0.532,-0.43799999999999994,-3.875,2.938
1503601809059,-0.622,-0.35,0.302,0.633,0.831,-0.073,-0.528,-0.188,-1.75,2.375
1503601809081,-0.621,-0.35,0.302,0.633,0.8390000000000001,-0.078,-0.5329999999999999,-0.562,-1.062,1.875
1503601809096,-0.621,-0.35,0.302,0.633,0.848,-0.079,-0.527,-1.125,-1.875,2.25
1503601809119,-0.621,-0.349,0.301,0.634,0.847,-0.078,-0.524,-1.375,-3.312,2.625
1503601809141,-0.621,-0.349,0.301,0.635,0.8420000000000001,-0.07400000000000001,-0.528,-1.188,-5.938,2.5
1503601809156,-0.621,-0.348,0.3,0.635,0.835,-0.07,-0.539,-1.0,-6.688,2.125
1503601809179,-0.621,-0.348,0.299,0.636,0.831,-0.073,-0.539,-0.812,-4.75,1.125
1503601809204,-0.621,-0.34700000000000003,0.299,0.636,0.831,-0.076,-0.53,-0.625,-2.938,0.312
1503601809216,-0.621,-0.34700000000000003,0.299,0.636,0.833,-0.084,-0.536,-0.562,-0.562,-0.062
1503601809239,-0.621,-0.34700000000000003,0.299,0.636,0.835,-0.078,-0.536,-1.188,0.938,-0.25
1503601809261,-0.62,-0.34700000000000003,0.3,0.636,0.845,-0.073,-0.5329999999999999,-1.875,-0.062,-0.188
1503601809276,-0.62,-0.34700000000000003,0.3,0.636,0.841,-0.067,-0.537,-1.5,-1.625,-0.062
1503601809299,-0.62,-0.34700000000000003,0.3,0.637,0.8440000000000001,-0.078,-0.53,-1.0,-2.25,-0.25
1503601809321,-0.62,-0.34600000000000003,0.299,0.637,0.836,-0.081,-0.5329999999999999,-1.5619999999999998,-3.5,-0.43799999999999994
1503601809344,-0.62,-0.34600000000000003,0.299,0.637,0.831,-0.07,-0.535,-1.6880000000000002,-3.562,-0.188
1503601809359,-0.621,-0.345,0.299,0.638,0.821,-0.066,-0.547,-0.938,-3.875,-0.188
1503601809381,-0.621,-0.344,0.299,0.638,0.812,-0.066,-0.551,-0.875,-3.562,-0.312
1503601809396,-0.621,-0.344,0.299,0.638,0.8220000000000001,-0.07200000000000001,-0.547,-1.3119999999999998,-2.188,0.125
1503601809419,-0.621,-0.344,0.299,0.638,0.8270000000000001,-0.066,-0.54,-1.9380000000000002,-0.562,0.875
1503601809442,-0.62,-0.344,0.299,0.639,0.8390000000000001,-0.076,-0.537,-1.9380000000000002,-0.562,1.3119999999999998
1503601809456,-0.62,-0.34299999999999997,0.299,0.639,0.833,-0.079,-0.547,-1.3119999999999998,-2.062,1.188
1503601809479,-0.62,-0.34299999999999997,0.298,0.639,0.8290000000000001,-0.079,-0.542,-0.625,-4.188,0.5
1503601809501,-0.62,-0.342,0.298,0.64,0.8220000000000001,-0.078,-0.55,-0.562,-4.125,-0.125
1503601809517,-0.62,-0.342,0.298,0.64,0.818,-0.075,-0.547,-1.25,-1.875,0.062
1503601809541,-0.62,-0.342,0.298,0.64,0.823,-0.067,-0.544,-1.875,1.25,0.188
1503601809561,-0.62,-0.342,0.298,0.64,0.833,-0.069,-0.547,-2.0,1.25,0.5
1503601809577,-0.62,-0.342,0.298,0.64,0.831,-0.067,-0.551,-1.875,-1.0,0.5
1503601809599,-0.62,-0.341,0.298,0.6409999999999999,0.828,-0.066,-0.545,-0.75,-3.938,0.188
1503601809621,-0.62,-0.341,0.298,0.6409999999999999,0.813,-0.069,-0.546,-0.375,-3.812,-0.062
1503601809637,-0.62,-0.341,0.298,0.6409999999999999,0.807,-0.073,-0.542,-0.43799999999999994,-0.25,-0.375
1503601809659,-0.62,-0.341,0.298,0.6409999999999999,0.8190000000000001,-0.073,-0.556,-0.562,3.75,-0.375
1503601809681,-0.619,-0.341,0.299,0.6409999999999999,0.8320000000000001,-0.075,-0.551,-0.875,3.562,0.062
1503601809697,-0.619,-0.341,0.299,0.6409999999999999,0.8390000000000001,-0.071,-0.5429999999999999,-0.625,0.188,-0.375
1503601809719,-0.619,-0.341,0.298,0.6409999999999999,0.8270000000000001,-0.077,-0.532,-0.5,-3.625,0.0
1503601809742,-0.619,-0.341,0.298,0.6409999999999999,0.8240000000000001,-0.077,-0.527,-0.062,-2.188,0.625
1503601809757,-0.619,-0.341,0.298,0.6409999999999999,0.818,-0.07,-0.539,-0.125,1.375,1.0
1503601809779,-0.619,-0.341,0.299,0.6409999999999999,0.8290000000000001,-0.069,-0.55,-0.25,3.375,1.188
1503601809801,-0.618,-0.342,0.299,0.6409999999999999,0.8440000000000001,-0.073,-0.56,0.0,1.5,0.5
1503601809817,-0.618,-0.341,0.299,0.642,0.833,-0.075,-0.5379999999999999,-0.375,-2.312,0.562
1503601809841,-0.618,-0.341,0.298,0.642,0.826,-0.079,-0.536,-0.125,-2.062,1.0
1503601809861,-0.618,-0.341,0.298,0.642,0.818,-0.078,-0.547,-0.562,0.25,0.562
1503601809877,-0.618,-0.341,0.299,0.642,0.816,-0.068,-0.5489999999999999,-0.875,0.938,0.25
1503601809899,-0.618,-0.341,0.299,0.642,0.8340000000000001,-0.067,-0.551,-0.688,1.0,0.5
1503601809921,-0.618,-0.341,0.299,0.643,0.8320000000000001,-0.063,-0.542,-1.25,-0.125,1.125
1503601809937,-0.617,-0.341,0.299,0.643,0.8290000000000001,-0.07,-0.545,-1.3119999999999998,-1.0,1.6880000000000002
1503601809958,-0.617,-0.341,0.299,0.643,0.828,-0.076,-0.551,-1.188,-2.125,1.6880000000000002
1503601809981,-0.617,-0.341,0.299,0.644,0.825,-0.073,-0.541,-1.3119999999999998,-2.312,1.625
1503601809997,-0.617,-0.341,0.299,0.644,0.831,-0.078,-0.546,-1.125,-0.625,1.5619999999999998
1503601810019,-0.616,-0.341,0.299,0.644,0.823,-0.08,-0.5489999999999999,-1.25,0.43799999999999994,1.3119999999999998
1503601810043,-0.616,-0.341,0.299,0.644,0.825,-0.08199999999999999,-0.5489999999999999,-0.938,0.688,1.3119999999999998
1503601810057,-0.616,-0.341,0.299,0.645,0.8270000000000001,-0.078,-0.555,-1.188,0.188,1.5
1503601810079,-0.615,-0.34,0.299,0.645,0.8270000000000001,-0.076,-0.5529999999999999,-1.4380000000000002,-0.25,1.4380000000000002
1503601810101,-0.615,-0.34,0.299,0.645,0.825,-0.08,-0.547,-1.5619999999999998,0.312,1.125
1503601810117,-0.615,-0.34,0.299,0.6459999999999999,0.823,-0.078,-0.541,-1.625,0.312,1.375
1503601810139,-0.615,-0.34,0.299,0.6459999999999999,0.828,-0.079,-0.547,-1.375,0.188,1.3119999999999998
1503601810161,-0.614,-0.34,0.299,0.6459999999999999,0.836,-0.077,-0.537,-2.0,-0.125,1.375
1503601810178,-0.614,-0.34,0.299,0.6459999999999999,0.8320000000000001,-0.075,-0.5429999999999999,-2.125,-0.43799999999999994,1.375
1503601810199,-0.614,-0.34,0.3,0.647,0.833,-0.073,-0.5489999999999999,-2.125,-0.25,1.062
1503601810221,-0.613,-0.34,0.3,0.647,0.828,-0.08,-0.551,-2.062,-0.938,0.625
1503601810237,-0.613,-0.33899999999999997,0.3,0.647,0.826,-0.076,-0.5479999999999999,-1.875,-1.3119999999999998,0.25
1503601810259,-0.613,-0.33899999999999997,0.3,0.647,0.8240000000000001,-0.078,-0.542,-1.375,-0.812,0.0
1503601810281,-0.613,-0.33899999999999997,0.3,0.648,0.825,-0.076,-0.5379999999999999,-1.75,1.375,0.188
1503601810297,-0.612,-0.33899999999999997,0.3,0.648,0.825,-0.079,-0.55,-1.9380000000000002,1.625,0.625
1503601810319,-0.612,-0.33899999999999997,0.301,0.648,0.826,-0.077,-0.542,-1.75,1.188,0.625
1503601810341,-0.612,-0.33899999999999997,0.301,0.648,0.8290000000000001,-0.077,-0.535,-1.188,-0.062,1.062
1503601810357,-0.612,-0.33899999999999997,0.301,0.648,0.82,-0.083,-0.5429999999999999,-1.4380000000000002,0.125,1.4380000000000002
1503601810379,-0.611,-0.33899999999999997,0.301,0.649,0.8240000000000001,-0.084,-0.542,-1.4380000000000002,1.188,1.25
1503601810401,-0.611,-0.33899999999999997,0.301,0.649,0.823,-0.077,-0.547,-1.4380000000000002,1.0,1.75
1503601810417,-0.61,-0.33899999999999997,0.301,0.649,0.833,-0.077,-0.545,-1.4380000000000002,0.5,1.625
1503601810439,-0.61,-0.33899999999999997,0.301,0.649,0.83,-0.077,-0.547,-1.9380000000000002,-0.25,1.5
1503601810461,-0.61,-0.33899999999999997,0.302,0.65,0.8340000000000001,-0.075,-0.544,-2.062,-1.375,1.0
1503601810479,-0.61,-0.33899999999999997,0.301,0.65,0.833,-0.071,-0.536,-1.625,-2.875,1.0
1503601810499,-0.61,-0.33799999999999997,0.301,0.65,0.823,-0.07200000000000001,-0.536,-1.5619999999999998,-2.625,1.9380000000000002
1503601810522,-0.609,-0.33799999999999997,0.301,0.6509999999999999,0.826,-0.075,-0.5479999999999999,-1.062,-1.125,1.625
1503601810538,-0.609,-0.33799999999999997,0.301,0.6509999999999999,0.825,-0.077,-0.5479999999999999,-0.75,-1.062,1.5619999999999998
1503601810559,-0.609,-0.33799999999999997,0.301,0.6509999999999999,0.826,-0.08,-0.55,-0.75,0.312,1.375
1503601810581,-0.609,-0.33799999999999997,0.301,0.6509999999999999,0.825,-0.08199999999999999,-0.546,-0.625,1.5619999999999998,0.875
1503601810598,-0.608,-0.33799999999999997,0.301,0.652,0.83,-0.081,-0.546,-0.688,0.688,0.812
1503601810626,-0.608,-0.33899999999999997,0.301,0.652,0.838,-0.083,-0.54,-0.312,-0.875,0.625
1503601810641,-0.608,-0.33799999999999997,0.301,0.652,0.825,-0.086,-0.546,-0.125,-2.375,1.125
1503601810658,-0.608,-0.33799999999999997,0.301,0.652,0.8220000000000001,-0.087,-0.5529999999999999,-0.5,-1.5,0.625
1503601810682,-0.608,-0.33799999999999997,0.301,0.652,0.8240000000000001,-0.085,-0.5489999999999999,-0.938,0.312,0.312
1503601810701,-0.608,-0.33799999999999997,0.301,0.653,0.823,-0.084,-0.5479999999999999,-1.25,0.5,0.562
1503601810718,-0.607,-0.33799999999999997,0.301,0.653,0.83,-0.077,-0.547,-1.125,0.5,0.25
1503601810739,-0.607,-0.33799999999999997,0.301,0.653,0.826,-0.071,-0.5489999999999999,-1.0,-0.875,0.312
1503601810761,-0.607,-0.33799999999999997,0.301,0.653,0.821,-0.07400000000000001,-0.544,-0.812,-1.8119999999999998,0.062
1503601810784,-0.607,-0.33799999999999997,0.301,0.653,0.823,-0.084,-0.535,-0.625,-1.5,0.25
1503601810799,-0.607,-0.33799999999999997,0.301,0.653,0.8270000000000001,-0.085,-0.544,-0.875,0.375,0.75
1503601810821,-0.607,-0.33799999999999997,0.301,0.653,0.821,-0.08,-0.547,-1.062,0.562,0.562
1503601810844,-0.607,-0.337,0.301,0.654,0.8240000000000001,-0.075,-0.546,-1.062,-0.938,0.25
1503601810859,-0.607,-0.337,0.301,0.654,0.823,-0.078,-0.535,-0.688,-2.75,0.43799999999999994
1503601810882,-0.607,-0.337,0.301,0.654,0.826,-0.086,-0.539,-0.5,-1.4380000000000002,0.938
1503601810903,-0.606,-0.337,0.301,0.654,0.825,-0.083,-0.546,-0.688,0.0,1.8119999999999998
1503601810920,-0.606,-0.337,0.301,0.655,0.825,-0.08900000000000001,-0.562,-0.625,0.625,1.0
1503601810941,-0.606,-0.337,0.301,0.655,0.8290000000000001,-0.092,-0.557,-0.875,-0.312,0.375
1503601810963,-0.606,-0.337,0.301,0.655,0.831,-0.09300000000000001,-0.545,-1.375,0.43799999999999994,-0.25
1503601810979,-0.605,-0.337,0.301,0.655,0.83,-0.086,-0.541,-1.9380000000000002,1.188,-0.312
1503601811001,-0.605,-0.337,0.302,0.655,0.831,-0.077,-0.534,-1.75,0.75,0.125
1503601811024,-0.605,-0.337,0.302,0.655,0.8320000000000001,-0.073,-0.546,-0.688,-0.43799999999999994,0.562
1503601811039,-0.605,-0.337,0.302,0.655,0.821,-0.078,-0.5489999999999999,-0.375,-1.5,0.375
1503601811061,-0.605,-0.337,0.302,0.6559999999999999,0.8170000000000001,-0.077,-0.5479999999999999,-0.625,-2.625,0.188
1503601811086,-0.605,-0.336,0.301,0.6559999999999999,0.825,-0.079,-0.546,0.0,-1.375,-0.375
1503601811099,-0.605,-0.336,0.301,0.6559999999999999,0.8290000000000001,-0.08199999999999999,-0.546,-0.062,-0.375,-0.43799999999999994
1503601811122,-0.605,-0.337,0.301,0.6559999999999999,0.8440000000000001,-0.086,-0.54,-0.125,-1.25,-0.75
1503601811144,-0.605,-0.336,0.301,0.6559999999999999,0.851,-0.085,-0.547,0.312,-5.688,-1.3119999999999998
1503601811159,-0.606,-0.335,0.3,0.6559999999999999,0.847,-0.08900000000000001,-0.5429999999999999,1.0,-10.937999999999999,-1.4380000000000002
1503601811181,-0.607,-0.33399999999999996,0.298,0.6559999999999999,0.8370000000000001,-0.08900000000000001,-0.5529999999999999,1.25,-14.187999999999999,-2.062
1503601811203,-0.608,-0.33299999999999996,0.297,0.657,0.812,-0.099,-0.5539999999999999,0.688,-12.25,-2.062
1503601811219,-0.608,-0.332,0.29600000000000004,0.657,0.7929999999999999,-0.099,-0.5529999999999999,0.312,-5.312,-2.375
1503601811241,-0.609,-0.332,0.29600000000000004,0.657,0.7959999999999999,-0.08199999999999999,-0.562,0.062,-1.3119999999999998,-2.188
1503601811264,-0.609,-0.331,0.29600000000000004,0.657,0.8009999999999999,-0.054000000000000006,-0.5670000000000001,0.562,-3.75,-1.0
1503601811279,-0.609,-0.331,0.295,0.657,0.794,-0.052000000000000005,-0.569,1.4380000000000002,-4.25,0.375
1503601811301,-0.61,-0.331,0.295,0.657,0.7859999999999999,-0.066,-0.573,1.625,-2.938,0.562
1503601811324,-0.609,-0.331,0.294,0.657,0.8029999999999999,-0.087,-0.568,1.5,1.4380000000000002,0.125
1503601811339,-0.609,-0.331,0.295,0.657,0.8079999999999999,-0.08900000000000001,-0.57,0.312,3.938,-0.062
1503601811361,-0.609,-0.332,0.295,0.657,0.823,-0.08199999999999999,-0.565,0.0,3.438,-0.062
1503601811386,-0.609,-0.332,0.295,0.657,0.836,-0.081,-0.562,0.0,0.0,0.43799999999999994
1503601811400,-0.609,-0.332,0.295,0.657,0.828,-0.079,-0.563,-1.3119999999999998,-1.5619999999999998,0.75
1503601811423,-0.609,-0.331,0.295,0.6579999999999999,0.818,-0.08,-0.5589999999999999,-2.375,-0.688,1.062
1503601811444,-0.608,-0.331,0.29600000000000004,0.6579999999999999,0.812,-0.084,-0.5589999999999999,-3.312,1.875,1.4380000000000002
1503601811461,-0.607,-0.331,0.297,0.6579999999999999,0.8220000000000001,-0.081,-0.564,-4.062,3.25,1.3119999999999998
1503601811482,-0.607,-0.331,0.297,0.659,0.82,-0.077,-0.564,-4.25,2.688,1.75
1503601811504,-0.606,-0.331,0.298,0.659,0.823,-0.078,-0.555,-3.688,1.0,1.6880000000000002
1503601811521,-0.606,-0.331,0.298,0.659,0.8140000000000001,-0.071,-0.557,-2.812,-1.188,1.188
1503601811547,-0.606,-0.33,0.298,0.66,0.813,-0.081,-0.557,-2.0,-1.375,1.062
1503601811564,-0.605,-0.331,0.298,0.66,0.81,-0.091,-0.555,-1.3119999999999998,0.062,0.75
1503601811580,-0.605,-0.331,0.298,0.66,0.8109999999999999,-0.083,-0.5670000000000001,-1.4380000000000002,1.6880000000000002,1.0
1503601811602,-0.605,-0.331,0.298,0.66,0.807,-0.078,-0.562,-1.062,2.0,1.125
1503601811624,-0.604,-0.331,0.299,0.66,0.8140000000000001,-0.078,-0.5660000000000001,-0.938,1.8119999999999998,1.0
1503601811640,-0.604,-0.331,0.299,0.66,0.816,-0.085,-0.56,-1.5,1.3119999999999998,1.062
1503601811662,-0.604,-0.331,0.299,0.6609999999999999,0.823,-0.091,-0.5589999999999999,-2.25,1.4380000000000002,1.25
1503601811684,-0.603,-0.331,0.3,0.6609999999999999,0.825,-0.084,-0.552,-2.688,1.5,0.938
1503601811700,-0.603,-0.331,0.3,0.6609999999999999,0.83,-0.079,-0.5529999999999999,-2.625,0.688,0.875
1503601811722,-0.603,-0.331,0.3,0.6609999999999999,0.82,-0.073,-0.556,-2.312,-1.0,1.125
1503601811743,-0.602,-0.33,0.3,0.662,0.815,-0.077,-0.557,-1.5619999999999998,-0.875,0.938
1503601811760,-0.602,-0.33,0.3,0.662,0.8109999999999999,-0.083,-0.563,-1.625,0.25,0.375
1503601811782,-0.602,-0.33,0.301,0.662,0.813,-0.08199999999999999,-0.561,-1.875,1.5,0.0
1503601811803,-0.602,-0.33,0.301,0.662,0.823,-0.081,-0.552,-1.5619999999999998,2.625,-0.062
1503601811822,-0.601,-0.331,0.302,0.662,0.823,-0.083,-0.547,-1.4380000000000002,2.125,0.25
1503601811842,-0.601,-0.331,0.302,0.662,0.823,-0.083,-0.552,-1.188,0.875,0.43799999999999994
1503601811864,-0.601,-0.331,0.302,0.662,0.815,-0.08,-0.5589999999999999,-1.3119999999999998,0.5,0.625
1503601811880,-0.601,-0.33,0.302,0.662,0.8190000000000001,-0.081,-0.5579999999999999,-1.4380000000000002,0.188,0.5
1503601811908,-0.6,-0.331,0.302,0.6629999999999999,0.82,-0.09300000000000001,-0.5529999999999999,-1.6880000000000002,1.25,0.25
1503601811923,-0.6,-0.331,0.303,0.6629999999999999,0.8190000000000001,-0.086,-0.556,-1.9380000000000002,1.8119999999999998,0.25
1503601811940,-0.6,-0.331,0.303,0.6629999999999999,0.821,-0.08199999999999999,-0.551,-1.875,0.562,0.312
1503601811962,-0.599,-0.33,0.303,0.6629999999999999,0.82,-0.077,-0.5489999999999999,-1.3119999999999998,0.062,0.375
1503601811983,-0.599,-0.33,0.303,0.6629999999999999,0.818,-0.08,-0.552,-1.188,-0.312,1.0
1503601812000,-0.599,-0.33,0.303,0.6629999999999999,0.8190000000000001,-0.083,-0.5539999999999999,-1.3119999999999998,1.062,0.625
1503601812023,-0.599,-0.33,0.304,0.6629999999999999,0.821,-0.077,-0.556,-1.6880000000000002,1.6880000000000002,0.312
1503601812043,-0.599,-0.33,0.304,0.664,0.8190000000000001,-0.078,-0.5539999999999999,-1.8119999999999998,1.375,0.0
1503601812060,-0.598,-0.33,0.304,0.664,0.831,-0.081,-0.5479999999999999,-1.188,1.0,0.125
1503601812082,-0.598,-0.33,0.305,0.664,0.823,-0.083,-0.5529999999999999,-1.3119999999999998,0.25,0.375
1503601812103,-0.598,-0.33,0.305,0.664,0.8240000000000001,-0.079,-0.542,-1.25,-0.75,0.25
1503601812120,-0.598,-0.33,0.305,0.664,0.818,-0.073,-0.547,-0.938,-0.562,0.562
1503601812142,-0.598,-0.33,0.305,0.664,0.8140000000000001,-0.081,-0.5529999999999999,-1.25,-0.188,0.75
1503601812164,-0.597,-0.33,0.305,0.664,0.8270000000000001,-0.08199999999999999,-0.5489999999999999,-1.188,1.8119999999999998,0.375
1503601812180,-0.597,-0.33,0.305,0.664,0.823,-0.078,-0.5539999999999999,-1.5,1.125,0.43799999999999994
1503601812202,-0.597,-0.33,0.305,0.664,0.8270000000000001,-0.077,-0.5539999999999999,-1.188,-0.062,0.0
1503601812226,-0.597,-0.33,0.305,0.665,0.821,-0.078,-0.5489999999999999,-0.875,-1.3119999999999998,0.0
1503601812240,-0.597,-0.33,0.305,0.665,0.816,-0.076,-0.552,-1.25,-1.6880000000000002,0.188
1503601812263,-0.597,-0.33,0.305,0.665,0.818,-0.08199999999999999,-0.5489999999999999,-0.812,-0.562,-0.25
1503601812283,-0.597,-0.32899999999999996,0.306,0.665,0.8190000000000001,-0.08,-0.552,-1.0,0.0,-0.5
1503601812300,-0.596,-0.32899999999999996,0.306,0.665,0.833,-0.086,-0.556,-1.188,0.5,-0.125
1503601812322,-0.596,-0.32899999999999996,0.306,0.665,0.823,-0.081,-0.5529999999999999,-1.5619999999999998,0.5,0.188
1503601812344,-0.596,-0.32899999999999996,0.306,0.665,0.823,-0.081,-0.55,-1.4380000000000002,-0.938,-0.375
1503601812362,-0.596,-0.32899999999999996,0.306,0.665,0.8220000000000001,-0.079,-0.552,-1.25,-1.6880000000000002,-0.875
1503601812382,-0.596,-0.32799999999999996,0.306,0.6659999999999999,0.82,-0.077,-0.552,-1.25,-2.625,-0.312
1503601812404,-0.596,-0.32799999999999996,0.306,0.6659999999999999,0.816,-0.075,-0.551,-1.062,-2.312,0.188
1503601812420,-0.596,-0.32799999999999996,0.306,0.6659999999999999,0.816,-0.077,-0.557,-0.875,-1.0,0.188
1503601812442,-0.596,-0.32799999999999996,0.306,0.6659999999999999,0.816,-0.075,-0.555,-0.812,-0.375,0.125
1503601812464,-0.596,-0.32799999999999996,0.306,0.6659999999999999,0.823,-0.08,-0.5579999999999999,-0.375,-0.75,-0.062
1503601812480,-0.596,-0.32799999999999996,0.305,0.6659999999999999,0.8240000000000001,-0.079,-0.5539999999999999,0.312,-1.75,-0.125
1503601812502,-0.596,-0.32799999999999996,0.305,0.6659999999999999,0.826,-0.08199999999999999,-0.5529999999999999,0.25,-2.438,-0.375
1503601812524,-0.596,-0.327,0.305,0.667,0.816,-0.083,-0.56,-0.312,-2.125,-0.25
1503601812540,-0.596,-0.327,0.305,0.667,0.812,-0.083,-0.555,-0.938,-1.25,-0.125
1503601812564,-0.596,-0.327,0.305,0.667,0.8170000000000001,-0.081,-0.5579999999999999,-0.938,0.125,-0.688
1503601812584,-0.596,-0.327,0.305,0.667,0.82,-0.079,-0.563,-1.062,0.188,-0.43799999999999994
1503601812600,-0.596,-0.327,0.305,0.667,0.821,-0.07200000000000001,-0.555,-1.125,-0.688,-0.625
1503601812622,-0.596,-0.326,0.305,0.667,0.816,-0.071,-0.57,-0.688,-1.062,-0.688
1503601812644,-0.596,-0.326,0.305,0.667,0.813,-0.07,-0.56,-1.062,-1.188,0.062
1503601812661,-0.596,-0.326,0.305,0.667,0.81,-0.07400000000000001,-0.562,-1.4380000000000002,-0.562,0.312
1503601812682,-0.596,-0.326,0.305,0.6679999999999999,0.82,-0.077,-0.563,-1.625,-0.062,0.125
1503601812704,-0.596,-0.326,0.306,0.6679999999999999,0.8290000000000001,-0.076,-0.552,-1.875,-0.062,0.188
1503601812720,-0.595,-0.326,0.306,0.6679999999999999,0.8270000000000001,-0.084,-0.5529999999999999,-1.6880000000000002,-1.5,0.125
1503601812742,-0.595,-0.325,0.306,0.6679999999999999,0.8220000000000001,-0.077,-0.556,-2.0,-3.375,0.0
1503601812764,-0.595,-0.324,0.305,0.669,0.8240000000000001,-0.073,-0.5489999999999999,-1.375,-4.875,-0.5
1503601812780,-0.596,-0.324,0.305,0.669,0.8190000000000001,-0.075,-0.5660000000000001,-1.188,-6.125,-0.562
1503601812802,-0.596,-0.32299999999999995,0.304,0.669,0.815,-0.086,-0.562,-1.5619999999999998,-5.688,-0.812
1503601812824,-0.596,-0.322,0.304,0.67,0.809,-0.086,-0.5720000000000001,-2.0,-3.625,-1.0
1503601812840,-0.596,-0.322,0.304,0.67,0.816,-0.08199999999999999,-0.564,-1.9380000000000002,-4.062,-0.875
1503601812863,-0.596,-0.321,0.303,0.67,0.82,-0.07400000000000001,-0.564,-1.875,-4.812,-0.5
1503601812884,-0.596,-0.321,0.303,0.6709999999999999,0.8109999999999999,-0.078,-0.56,-1.625,-5.812,0.25
1503601812900,-0.597,-0.32,0.302,0.6709999999999999,0.812,-0.077,-0.555,-0.562,-6.0,-0.688
1503601812922,-0.597,-0.32,0.302,0.6709999999999999,0.813,-0.08900000000000001,-0.557,-0.25,-2.625,-0.562
1503601812944,-0.597,-0.32,0.302,0.6709999999999999,0.8140000000000001,-0.085,-0.569,-0.625,-0.938,-0.25
1503601812960,-0.597,-0.32,0.302,0.6709999999999999,0.823,-0.07200000000000001,-0.5720000000000001,-0.062,-2.0,-0.188
1503601812982,-0.597,-0.319,0.301,0.672,0.813,-0.063,-0.583,0.375,-5.688,1.875
1503601813005,-0.597,-0.318,0.3,0.6729999999999999,0.797,-0.051,-0.579,0.938,-10.937999999999999,2.188
1503601813020,-0.598,-0.317,0.299,0.6729999999999999,0.785,-0.061,-0.574,1.625,-7.625,0.25
1503601813042,-0.598,-0.318,0.299,0.6729999999999999,0.7909999999999999,-0.063,-0.5760000000000001,1.75,-0.125,0.375
1503601813064,-0.597,-0.318,0.299,0.6729999999999999,0.805,-0.062,-0.586,3.125,4.75,1.4380000000000002
1503601813080,-0.597,-0.319,0.299,0.672,0.8190000000000001,-0.052000000000000005,-0.601,5.438,3.438,2.688
1503601813103,-0.597,-0.32,0.298,0.6729999999999999,0.8140000000000001,-0.06,-0.601,7.312,-1.5,4.938
1503601813124,-0.597,-0.32,0.29600000000000004,0.6729999999999999,0.815,-0.066,-0.596,8.937999999999999,-5.938,6.562
1503601813140,-0.597,-0.321,0.294,0.674,0.792,-0.07,-0.584,9.437999999999999,-5.75,7.562
1503601813165,-0.597,-0.321,0.294,0.674,0.809,-0.004,-0.562,4.375,-0.062,5.062
1503601813185,-0.597,-0.32299999999999995,0.292,0.674,0.815,-0.094,-0.586,15.25,-2.812,6.438
1503601813200,-0.597,-0.325,0.289,0.674,0.812,-0.14800000000000002,-0.58,12.187999999999999,-4.0,9.812000000000001
1503601813222,-0.596,-0.327,0.287,0.674,0.8140000000000001,-0.098,-0.579,11.187999999999999,-2.312,6.25
1503601813245,-0.597,-0.32799999999999996,0.285,0.675,0.812,-0.109,-0.581,14.687999999999999,-4.5,6.562
1503601813260,-0.597,-0.33,0.28300000000000003,0.675,0.7979999999999999,-0.12,-0.5920000000000001,14.562000000000001,-4.688,7.5
1503601813282,-0.596,-0.331,0.281,0.675,0.7909999999999999,-0.099,-0.595,14.625,-0.938,8.625
1503601813312,-0.596,-0.33399999999999996,0.27899999999999997,0.675,0.792,-0.084,-0.597,18.25,1.875,9.312000000000001
1503601813327,-0.596,-0.337,0.276,0.675,0.807,-0.09300000000000001,-0.604,23.188000000000002,-0.188,10.437999999999999
1503601813343,-0.597,-0.33899999999999997,0.272,0.674,0.816,-0.099,-0.609,27.375,-5.438,11.437999999999999
1503601813366,-0.597,-0.342,0.267,0.674,0.805,-0.11,-0.62,32.375,-10.312000000000001,13.687999999999999
1503601813387,-0.598,-0.34600000000000003,0.261,0.674,0.789,-0.14,-0.628,36.875,-10.437999999999999,15.0
1503601813402,-0.599,-0.35,0.255,0.674,0.7879999999999999,-0.15,-0.624,41.812,-6.25,15.562000000000001
1503601813425,-0.599,-0.355,0.249,0.6729999999999999,0.792,-0.162,-0.625,47.938,-5.75,16.0
1503601813447,-0.6,-0.361,0.24100000000000002,0.672,0.797,-0.179,-0.626,53.375,-7.75,16.812
1503601813462,-0.602,-0.36700000000000005,0.233,0.67,0.7909999999999999,-0.185,-0.634,59.188,-11.062000000000001,18.188
1503601813485,-0.603,-0.373,0.22399999999999998,0.669,0.7829999999999999,-0.21100000000000002,-0.626,65.5,-13.75,19.188
1503601813507,-0.604,-0.38,0.213,0.667,0.782,-0.248,-0.604,70.125,-15.5,19.562
1503601813522,-0.606,-0.38799999999999996,0.203,0.665,0.7809999999999999,-0.287,-0.583,73.188,-14.625,19.438
1503601813545,-0.607,-0.395,0.192,0.662,0.775,-0.304,-0.593,76.0,-14.437999999999999,19.938
1503601813568,-0.608,-0.40299999999999997,0.18100000000000002,0.66,0.7659999999999999,-0.33299999999999996,-0.604,79.625,-14.375,20.312
1503601813582,-0.609,-0.41200000000000003,0.16899999999999998,0.6559999999999999,0.765,-0.35600000000000004,-0.584,82.81200000000001,-14.687999999999999,19.188
1503601813605,-0.61,-0.42,0.157,0.653,0.763,-0.368,-0.546,84.56200000000001,-17.25,19.938
1503601813627,-0.612,-0.429,0.145,0.649,0.764,-0.396,-0.523,84.625,-17.062,19.125
1503601813642,-0.613,-0.436,0.133,0.645,0.741,-0.42,-0.532,83.43799999999999,-18.062,18.125
1503601813665,-0.614,-0.444,0.121,0.6409999999999999,0.731,-0.436,-0.545,83.5,-19.75,17.312
1503601813686,-0.615,-0.452,0.109,0.637,0.713,-0.46299999999999997,-0.534,85.375,-17.75,14.812000000000001
1503601813703,-0.617,-0.45899999999999996,0.09699999999999999,0.632,0.718,-0.488,-0.5,85.75,-18.188,12.937999999999999
1503601813724,-0.618,-0.467,0.085,0.627,0.725,-0.48200000000000004,-0.47600000000000003,83.31200000000001,-19.375,12.687999999999999
1503601813746,-0.619,-0.474,0.073,0.622,0.711,-0.48700000000000004,-0.488,82.06200000000001,-20.0,14.562000000000001
1503601813761,-0.62,-0.48,0.061,0.617,0.6920000000000001,-0.51,-0.496,82.56200000000001,-21.0,14.562000000000001
1503601813783,-0.622,-0.48700000000000004,0.049,0.612,0.687,-0.551,-0.486,84.25,-21.561999999999998,13.312000000000001
1503601813806,-0.622,-0.494,0.037000000000000005,0.606,0.688,-0.575,-0.45799999999999996,84.06200000000001,-19.312,11.125
1503601813821,-0.623,-0.501,0.026000000000000002,0.6,0.691,-0.573,-0.423,81.438,-13.937999999999999,9.312000000000001
1503601813844,-0.624,-0.508,0.016,0.594,0.6890000000000001,-0.574,-0.413,79.5,-13.812000000000001,7.062
1503601813866,-0.624,-0.514,0.006,0.588,0.69,-0.583,-0.405,77.75,-15.187999999999999,7.062
1503601813881,-0.625,-0.52,-0.004,0.5820000000000001,0.667,-0.623,-0.39799999999999996,75.438,-15.312000000000001,7.562
1503601813904,-0.625,-0.526,-0.013000000000000001,0.5760000000000001,0.665,-0.622,-0.38,71.375,-13.625,6.25
1503601813926,-0.626,-0.532,-0.022000000000000002,0.57,0.652,-0.62,-0.354,68.375,-12.062000000000001,3.125
1503601813941,-0.626,-0.5379999999999999,-0.03,0.564,0.652,-0.63,-0.331,64.375,-6.688,1.25
1503601813964,-0.626,-0.5429999999999999,-0.037000000000000005,0.5589999999999999,0.66,-0.657,-0.319,59.688,-6.125,1.5
1503601813986,-0.626,-0.5479999999999999,-0.043,0.5539999999999999,0.6579999999999999,-0.6629999999999999,-0.312,55.312,-8.562000000000001,2.375
1503601814001,-0.626,-0.552,-0.05,0.5489999999999999,0.653,-0.654,-0.3,49.75,-10.812000000000001,1.875
1503601814024,-0.626,-0.555,-0.055,0.545,0.64,-0.665,-0.29,42.25,-10.125,1.4380000000000002
1503601814048,-0.626,-0.557,-0.06,0.542,0.633,-0.672,-0.292,35.125,-6.688,1.125
1503601814061,-0.626,-0.56,-0.063,0.539,0.633,-0.6679999999999999,-0.305,28.25,-1.6880000000000002,0.688
1503601814084,-0.626,-0.562,-0.065,0.537,0.652,-0.6609999999999999,-0.294,23.188000000000002,0.312,0.125
1503601814107,-0.626,-0.564,-0.067,0.535,0.665,-0.652,-0.298,20.688000000000002,-2.125,0.688
1503601814121,-0.626,-0.565,-0.07,0.5329999999999999,0.652,-0.6759999999999999,-0.316,19.438,-7.938,2.0
1503601814148,-0.626,-0.565,-0.073,0.532,0.632,-0.6940000000000001,-0.317,18.0,-8.25,2.0
1503601814166,-0.626,-0.5660000000000001,-0.075,0.53,0.627,-0.6679999999999999,-0.308,19.0,-2.062,0.0
1503601814181,-0.626,-0.568,-0.077,0.528,0.642,-0.6779999999999999,-0.292,19.938,1.9380000000000002,-2.125
1503601814205,-0.626,-0.5710000000000001,-0.079,0.526,0.674,-0.688,-0.28800000000000003,21.625,1.5,-1.625
1503601814226,-0.626,-0.5720000000000001,-0.081,0.523,0.685,-0.71,-0.284,22.938000000000002,-5.5,-0.562
1503601814241,-0.627,-0.573,-0.085,0.521,0.6659999999999999,-0.73,-0.29,22.688000000000002,-10.937999999999999,0.812
1503601814263,-0.627,-0.574,-0.08800000000000001,0.519,0.6509999999999999,-0.73,-0.285,21.75,-10.312000000000001,1.625
1503601814286,-0.627,-0.575,-0.091,0.517,0.639,-0.708,-0.27699999999999997,20.75,-5.938,2.0
1503601814301,-0.627,-0.5760000000000001,-0.094,0.516,0.649,-0.7,-0.268,20.25,-2.375,4.562
1503601814323,-0.626,-0.578,-0.096,0.515,0.6659999999999999,-0.711,-0.262,17.812,-1.75,8.687999999999999
1503601814348,-0.626,-0.579,-0.1,0.514,0.648,-0.6990000000000001,-0.276,19.812,-5.438,10.937999999999999
1503601814361,-0.625,-0.58,-0.10300000000000001,0.513,0.644,-0.705,-0.24600000000000002,20.312,-6.688,11.25
1503601814383,-0.624,-0.581,-0.107,0.512,0.625,-0.701,-0.22699999999999998,19.562,-2.625,11.187999999999999
1503601814407,-0.622,-0.583,-0.109,0.512,0.622,-0.7070000000000001,-0.195,12.937999999999999,1.9380000000000002,9.312000000000001
1503601814421,-0.621,-0.583,-0.109,0.512,0.63,-0.725,-0.17800000000000002,0.062,3.875,7.188
1503601814451,-0.62,-0.583,-0.10800000000000001,0.514,0.642,-0.722,-0.18,-15.437999999999999,2.0,5.0
1503601814466,-0.621,-0.581,-0.105,0.517,0.63,-0.688,-0.226,-27.25,-0.25,2.125
1503601814482,-0.621,-0.578,-0.10099999999999999,0.52,0.612,-0.648,-0.27,-31.438000000000002,0.375,-0.062
1503601814503,-0.622,-0.575,-0.09699999999999999,0.523,0.611,-0.647,-0.27699999999999997,-31.188000000000002,-0.938,-2.0
1503601814526,-0.624,-0.5710000000000001,-0.09300000000000001,0.525,0.622,-0.662,-0.272,-34.75,-2.312,-3.062
1503601814542,-0.624,-0.568,-0.08800000000000001,0.529,0.616,-0.684,-0.289,-41.562,1.9380000000000002,-1.25
1503601814563,-0.625,-0.564,-0.083,0.534,0.631,-0.677,-0.295,-46.188,0.875,1.75
1503601814586,-0.625,-0.5589999999999999,-0.078,0.539,0.6559999999999999,-0.6779999999999999,-0.28600000000000003,-51.625,1.6880000000000002,5.312
1503601814601,-0.624,-0.5539999999999999,-0.07200000000000001,0.546,0.652,-0.648,-0.305,-56.062,2.125,9.75
1503601814623,-0.624,-0.5489999999999999,-0.066,0.552,0.6509999999999999,-0.644,-0.298,-60.438,2.625,12.187999999999999
1503601814646,-0.622,-0.544,-0.059000000000000004,0.56,0.639,-0.6609999999999999,-0.299,-68.125,7.625,13.25
1503601814661,-0.62,-0.5379999999999999,-0.051,0.569,0.621,-0.695,-0.305,-78.188,14.375,15.187999999999999
1503601814684,-0.617,-0.532,-0.042,0.579,0.616,-0.7240000000000001,-0.313,-89.93799999999999,18.312,18.75
1503601814706,-0.612,-0.525,-0.031,0.59,0.632,-0.722,-0.307,-99.75,21.0,20.75
1503601814721,-0.608,-0.517,-0.019,0.602,0.6409999999999999,-0.7,-0.32299999999999995,-109.06200000000001,29.125,19.062
1503601814744,-0.603,-0.509,-0.005,0.614,0.64,-0.679,-0.355,-116.5,33.875,19.562
1503601814766,-0.599,-0.5,0.01,0.626,0.628,-0.67,-0.39899999999999997,-122.81200000000001,32.0,17.562
1503601814781,-0.595,-0.488,0.024,0.638,0.61,-0.6829999999999999,-0.39899999999999997,-129.125,25.375,11.5
1503601814803,-0.591,-0.47600000000000003,0.04,0.65,0.633,-0.679,-0.425,-135.688,24.25,5.188
1503601814826,-0.588,-0.46399999999999997,0.057,0.66,0.606,-0.605,-0.45799999999999996,-137.5,24.688000000000002,-0.688
1503601814843,-0.585,-0.451,0.07400000000000001,0.67,0.595,-0.557,-0.498,-135.0,28.188000000000002,-5.875
1503601814863,-0.5820000000000001,-0.439,0.092,0.679,0.614,-0.536,-0.524,-134.375,33.812,-13.437999999999999
1503601814886,-0.579,-0.426,0.111,0.6859999999999999,0.63,-0.521,-0.547,-135.0,34.688,-20.811999999999998
1503601814901,-0.5770000000000001,-0.413,0.13,0.6920000000000001,0.6629999999999999,-0.51,-0.579,-135.0,30.25,-27.688000000000002
1503601814923,-0.5760000000000001,-0.4,0.149,0.6970000000000001,0.69,-0.45799999999999996,-0.611,-128.062,32.5,-36.562
1503601814948,-0.5760000000000001,-0.387,0.166,0.7,0.659,-0.396,-0.653,-117.93799999999999,27.75,-42.25
1503601814962,-0.5760000000000001,-0.375,0.183,0.7020000000000001,0.654,-0.331,-0.6729999999999999,-110.43799999999999,25.875,-42.562
1503601814983,-0.5770000000000001,-0.364,0.19899999999999998,0.7040000000000001,0.687,-0.27899999999999997,-0.667,-102.75,25.561999999999998,-45.375
1503601815006,-0.578,-0.35200000000000004,0.213,0.7040000000000001,0.69,-0.252,-0.684,-93.93799999999999,22.311999999999998,-48.5
1503601815021,-0.579,-0.342,0.22699999999999998,0.7040000000000001,0.7070000000000001,-0.221,-0.69,-85.875,22.5,-46.062
1503601815045,-0.58,-0.332,0.24,0.7040000000000001,0.708,-0.13699999999999998,-0.693,-79.438,25.625,-41.062
1503601815066,-0.581,-0.324,0.252,0.703,0.727,-0.035,-0.7070000000000001,-66.688,28.375,-35.062
1503601815088,-0.5820000000000001,-0.316,0.262,0.7020000000000001,0.777,0.023,-0.7120000000000001,-50.938,14.062000000000001,-32.062
1503601815103,-0.585,-0.308,0.267,0.701,0.797,-0.02,-0.688,-38.125,-9.5,-29.938000000000002
1503601815126,-0.588,-0.301,0.26899999999999996,0.7020000000000001,0.802,-0.08900000000000001,-0.654,-33.375,-24.125,-22.811999999999998
1503601815141,-0.589,-0.293,0.26899999999999996,0.703,0.7559999999999999,-0.084,-0.652,-30.811999999999998,-30.561999999999998,-13.187999999999999
1503601815163,-0.591,-0.28600000000000003,0.26899999999999996,0.705,0.7140000000000001,-0.055999999999999994,-0.654,-26.188000000000002,-26.25,-11.25
1503601815186,-0.593,-0.281,0.27,0.705,0.732,-0.066,-0.65,-22.188000000000002,-18.5,-15.187999999999999
1503601815202,-0.594,-0.27699999999999997,0.272,0.705,0.778,-0.08199999999999999,-0.6459999999999999,-21.188000000000002,-9.312000000000001,-15.375
1503601815223,-0.5920000000000001,-0.28,0.278,0.703,1.0959999999999999,-0.001,-0.7709999999999999,-7.938,31.561999999999998,-0.312
1503601815246,-0.59,-0.281,0.27899999999999997,0.7040000000000001,0.799,-0.027000000000000003,-0.8270000000000001,2.875,13.625,14.75
1503601815262,-0.589,-0.28300000000000003,0.27399999999999997,0.706,0.89,-0.21100000000000002,-0.586,10.437999999999999,-25.188000000000002,13.0
1503601815284,-0.588,-0.284,0.275,0.706,0.8740000000000001,-0.191,-0.531,-6.625,-5.75,-3.062
1503601815306,-0.589,-0.28300000000000003,0.275,0.705,0.7040000000000001,-0.161,-0.662,-5.75,0.625,-8.75
1503601815322,-0.589,-0.28300000000000003,0.27699999999999997,0.705,0.7040000000000001,-0.07200000000000001,-0.632,-8.625,10.875,-4.875
1503601815343,-0.588,-0.284,0.282,0.703,0.74,-0.055,-0.654,-3.625,28.688000000000002,-7.438
1503601815366,-0.5870000000000001,-0.287,0.28600000000000003,0.701,0.792,-0.109,-0.6509999999999999,-4.5,29.061999999999998,-8.437999999999999
1503601815382,-0.586,-0.289,0.289,0.7,0.7709999999999999,-0.14,-0.655,-5.188,22.75,-5.375
1503601815403,-0.586,-0.289,0.29,0.6990000000000001,0.759,-0.13699999999999998,-0.648,-3.812,11.187999999999999,-5.625
1503601815426,-0.586,-0.29,0.29100000000000004,0.6990000000000001,0.7559999999999999,-0.102,-0.62,-3.312,8.062000000000001,-5.938
1503601815442,-0.586,-0.29,0.293,0.698,0.75,-0.087,-0.608,-2.688,10.437999999999999,-4.5
1503601815463,-0.585,-0.29100000000000004,0.294,0.698,0.747,-0.09300000000000001,-0.609,-2.938,10.875,-2.188
1503601815486,-0.584,-0.292,0.295,0.6970000000000001,0.752,-0.1,-0.625,-2.062,8.5,-0.062
1503601815502,-0.584,-0.292,0.295,0.698,0.754,-0.08800000000000001,-0.625,-0.812,5.0,1.188
1503601815523,-0.583,-0.293,0.295,0.698,0.763,-0.09300000000000001,-0.622,-0.562,0.75,2.312
1503601815548,-0.583,-0.293,0.295,0.6990000000000001,0.7809999999999999,-0.1,-0.613,-1.5,0.43799999999999994,4.125
1503601815562,-0.5820000000000001,-0.294,0.295,0.6990000000000001,0.785,-0.102,-0.606,-2.5,1.9380000000000002,4.625
1503601815584,-0.581,-0.294,0.295,0.7,0.7929999999999999,-0.096,-0.602,-3.0,2.188,4.312
1503601815606,-0.58,-0.294,0.29600000000000004,0.7,0.797,-0.085,-0.601,-3.125,1.8119999999999998,3.688
1503601815622,-0.579,-0.294,0.29600000000000004,0.7,0.795,-0.087,-0.597,-2.562,-0.25,2.188
1503601815643,-0.579,-0.294,0.29600000000000004,0.701,0.7959999999999999,-0.095,-0.603,-1.75,-0.5,0.875
1503601815666,-0.578,-0.294,0.29600000000000004,0.701,0.789,-0.1,-0.606,-2.062,-0.25,0.188
1503601815682,-0.578,-0.294,0.29600000000000004,0.701,0.782,-0.094,-0.615,-2.562,0.25,0.0
1503601815704,-0.578,-0.294,0.29600000000000004,0.701,0.78,-0.094,-0.607,-2.625,1.375,-0.688
1503601815733,-0.578,-0.294,0.297,0.701,0.7709999999999999,-0.099,-0.608,-2.312,1.375,-0.625
1503601815755,-0.5770000000000001,-0.294,0.297,0.701,0.777,-0.096,-0.606,-1.9380000000000002,1.8119999999999998,-0.375
1503601815763,-0.5770000000000001,-0.295,0.297,0.701,0.774,-0.10099999999999999,-0.604,-1.875,2.062,-0.812
1503601815786,-0.5770000000000001,-0.295,0.297,0.701,0.774,-0.09699999999999999,-0.608,-1.4380000000000002,1.125,-0.688
1503601815802,-0.5770000000000001,-0.295,0.297,0.701,0.777,-0.10099999999999999,-0.609,-0.688,0.75,-0.25
1503601815825,-0.5760000000000001,-0.295,0.297,0.7020000000000001,0.774,-0.098,-0.613,-1.0,-0.938,0.188
1503601815846,-0.5760000000000001,-0.295,0.297,0.7020000000000001,0.7809999999999999,-0.09300000000000001,-0.611,-1.3119999999999998,-1.4380000000000002,0.688
1503601815862,-0.5760000000000001,-0.294,0.297,0.7020000000000001,0.7809999999999999,-0.087,-0.618,-1.75,-1.9380000000000002,0.875
1503601815884,-0.5760000000000001,-0.294,0.297,0.703,0.78,-0.085,-0.616,-1.625,-2.312,0.125
1503601815906,-0.5760000000000001,-0.294,0.29600000000000004,0.703,0.794,-0.079,-0.603,0.25,-4.438,-1.625
1503601815922,-0.5770000000000001,-0.293,0.295,0.703,0.8170000000000001,-0.08,-0.609,2.125,-10.0,-4.25
1503601815943,-0.579,-0.292,0.293,0.703,0.818,-0.102,-0.639,3.625,-14.5,-5.062
1503601815966,-0.58,-0.29100000000000004,0.29,0.703,0.815,-0.13,-0.665,3.938,-20.811999999999998,-6.562
1503601815983,-0.583,-0.289,0.287,0.7040000000000001,0.765,-0.155,-0.664,3.312,-24.811999999999998,-9.312000000000001
1503601816003,-0.585,-0.287,0.284,0.7040000000000001,0.705,-0.124,-0.639,5.375,-19.625,-8.937999999999999
1503601816027,-0.586,-0.28600000000000003,0.281,0.7040000000000001,0.652,-0.059000000000000004,-0.703,8.187999999999999,-9.687999999999999,-4.312
1503601816048,-0.588,-0.287,0.27899999999999997,0.703,0.657,-0.040999999999999995,-0.747,14.937999999999999,3.625,-2.625
1503601816064,-0.588,-0.29,0.27699999999999997,0.7020000000000001,0.703,-0.078,-0.7240000000000001,22.0,10.312000000000001,1.625
1503601816086,-0.588,-0.294,0.275,0.7020000000000001,0.748,-0.106,-0.6829999999999999,26.688000000000002,7.0,8.875
1503601816108,-0.588,-0.298,0.271,0.701,0.782,-0.128,-0.643,30.561999999999998,2.688,9.562000000000001
1503601816131,-0.589,-0.302,0.267,0.7,0.8029999999999999,-0.127,-0.647,33.688,-6.938,8.625
1503601816146,-0.589,-0.307,0.263,0.7,0.7040000000000001,-0.113,-0.684,33.562,2.062,14.25
1503601816168,-0.588,-0.312,0.258,0.7,0.7170000000000001,-0.13,-0.6579999999999999,37.0,1.8119999999999998,17.438
1503601816186,-0.588,-0.318,0.252,0.7,0.797,-0.196,-0.623,42.125,-3.25,18.562
1503601816206,-0.588,-0.32299999999999995,0.24600000000000002,0.7,0.809,-0.231,-0.602,39.0,-11.75,16.938
1503601816236,-0.588,-0.327,0.24100000000000002,0.7,0.76,-0.22899999999999998,-0.5670000000000001,32.688,-10.0,12.937999999999999
1503601816244,-0.588,-0.331,0.237,0.6990000000000001,0.748,-0.20199999999999999,-0.5660000000000001,30.938000000000002,-4.688,7.562
1503601816266,-0.588,-0.336,0.235,0.6970000000000001,0.7490000000000001,-0.183,-0.611,30.875,6.0,2.812
1503601816288,-0.589,-0.34,0.23399999999999999,0.695,0.763,-0.185,-0.591,30.125,10.687999999999999,-1.5
1503601816304,-0.591,-0.344,0.23199999999999998,0.6920000000000001,0.772,-0.188,-0.586,29.688000000000002,6.188,-7.938
1503601816326,-0.593,-0.348,0.231,0.688,0.75,-0.21600000000000003,-0.593,30.125,5.625,-15.937999999999999
1503601816348,-0.596,-0.35100000000000003,0.22899999999999998,0.684,0.7290000000000001,-0.23199999999999998,-0.5820000000000001,27.5,3.0,-19.938
1503601816364,-0.599,-0.354,0.228,0.6809999999999999,0.727,-0.22899999999999998,-0.584,23.561999999999998,4.438,-19.5
1503601816387,-0.602,-0.35600000000000004,0.228,0.6779999999999999,0.748,-0.215,-0.588,20.75,8.5,-17.625
1503601816408,-0.603,-0.359,0.22899999999999998,0.675,0.753,-0.21,-0.591,18.312,11.375,-15.312000000000001
1503601816424,-0.605,-0.361,0.22899999999999998,0.672,0.7709999999999999,-0.19899999999999998,-0.575,16.688,7.062,-12.75
1503601816446,-0.607,-0.363,0.228,0.67,0.784,-0.185,-0.575,16.5,0.0,-11.375
1503601816468,-0.609,-0.363,0.22699999999999998,0.6679999999999999,0.778,-0.17800000000000002,-0.578,16.75,-5.875,-10.75
1503601816484,-0.612,-0.364,0.225,0.6659999999999999,0.759,-0.18600000000000003,-0.574,16.125,-9.375,-10.562000000000001
1503601816506,-0.614,-0.364,0.223,0.664,0.755,-0.187,-0.575,15.687999999999999,-10.375,-12.437999999999999
1503601816529,-0.617,-0.364,0.222,0.662,0.745,-0.18600000000000003,-0.5670000000000001,15.187999999999999,-5.312,-13.125
1503601816544,-0.619,-0.365,0.222,0.659,0.748,-0.188,-0.57,14.875,-0.5,-13.625
1503601816567,-0.621,-0.36700000000000005,0.222,0.657,0.755,-0.179,-0.595,13.937999999999999,3.688,-14.062000000000001
1503601816589,-0.623,-0.368,0.222,0.654,0.755,-0.177,-0.585,13.937999999999999,4.625,-18.0
1503601816604,-0.626,-0.368,0.222,0.6509999999999999,0.767,-0.179,-0.565,14.5,0.43799999999999994,-20.811999999999998
1503601816626,-0.629,-0.369,0.222,0.647,0.784,-0.18,-0.56,14.625,-3.188,-20.438
1503601816648,-0.632,-0.37,0.221,0.645,0.7659999999999999,-0.19899999999999998,-0.552,13.375,-3.812,-20.312
1503601816664,-0.634,-0.37,0.222,0.642,0.759,-0.203,-0.5539999999999999,9.437999999999999,-1.062,-20.561999999999998
1503601816686,-0.636,-0.37,0.223,0.639,0.768,-0.192,-0.552,5.188,2.812,-17.938
1503601816708,-0.637,-0.371,0.22399999999999998,0.637,0.7959999999999999,-0.188,-0.5479999999999999,3.188,4.25,-15.5
1503601816724,-0.638,-0.371,0.225,0.636,0.83,-0.2,-0.552,1.375,0.938,-11.0
1503601816746,-0.639,-0.371,0.225,0.635,0.841,-0.21,-0.5579999999999999,-1.6880000000000002,-5.812,-5.25
1503601816762,-0.639,-0.37,0.225,0.636,0.83,-0.21600000000000003,-0.565,-5.062,-9.812000000000001,-1.25
1503601816784,-0.639,-0.368,0.22399999999999998,0.637,0.825,-0.212,-0.584,-7.188,-10.75,1.125
1503601816806,-0.639,-0.366,0.22399999999999998,0.638,0.825,-0.204,-0.599,-8.187999999999999,-13.687999999999999,4.688
1503601816823,-0.639,-0.364,0.222,0.64,0.823,-0.192,-0.604,-6.375,-16.812,6.062
1503601816844,-0.639,-0.363,0.221,0.6409999999999999,0.8109999999999999,-0.20800000000000002,-0.604,-4.188,-13.75,5.875
1503601816866,-0.638,-0.36200000000000004,0.22,0.643,0.8029999999999999,-0.218,-0.61,-3.625,-9.687999999999999,6.75
1503601816882,-0.638,-0.36200000000000004,0.21899999999999997,0.644,0.8009999999999999,-0.212,-0.618,-2.375,-5.062,7.875
1503601816904,-0.637,-0.36200000000000004,0.218,0.645,0.79,-0.221,-0.62,0.062,-1.062,7.0
1503601816926,-0.636,-0.36200000000000004,0.218,0.645,0.7809999999999999,-0.21899999999999997,-0.617,1.5,0.75,5.312
1503601816942,-0.635,-0.363,0.217,0.6459999999999999,0.779,-0.21600000000000003,-0.612,2.562,2.0,5.188
1503601816965,-0.634,-0.364,0.217,0.6459999999999999,0.759,-0.21600000000000003,-0.602,2.812,3.188,6.438
1503601816986,-0.634,-0.365,0.21600000000000003,0.647,0.754,-0.22,-0.595,3.5,3.125,6.312
1503601817002,-0.633,-0.36700000000000005,0.21600000000000003,0.647,0.746,-0.221,-0.597,3.812,5.312,4.812
1503601817025,-0.632,-0.368,0.21600000000000003,0.647,0.742,-0.21899999999999997,-0.601,3.0,5.812,3.312
1503601817046,-0.632,-0.368,0.21600000000000003,0.647,0.7340000000000001,-0.21,-0.605,1.9380000000000002,5.062,2.062
1503601817064,-0.631,-0.369,0.21600000000000003,0.647,0.7240000000000001,-0.20199999999999999,-0.589,1.188,3.688,-0.375
1503601817085,-0.632,-0.369,0.21600000000000003,0.647,0.731,-0.198,-0.581,0.875,4.688,-4.938
1503601817107,-0.632,-0.369,0.218,0.645,0.745,-0.18600000000000003,-0.578,0.43799999999999994,5.938,-9.312000000000001
1503601817122,-0.634,-0.368,0.21899999999999997,0.644,0.737,-0.183,-0.583,-0.375,1.75,-13.437999999999999
1503601817144,-0.636,-0.36700000000000005,0.22,0.642,0.733,-0.18899999999999997,-0.568,-0.938,-2.438,-17.0
1503601817167,-0.638,-0.366,0.221,0.6409999999999999,0.74,-0.184,-0.562,-3.625,-1.375,-18.125
1503601817182,-0.639,-0.365,0.223,0.639,0.7490000000000001,-0.179,-0.551,-7.25,1.25,-17.312
1503601817204,-0.64,-0.364,0.226,0.638,0.767,-0.16699999999999998,-0.562,-10.875,5.312,-16.375
1503601817227,-0.6409999999999999,-0.363,0.23,0.637,0.8009999999999999,-0.157,-0.562,-14.062000000000001,6.312,-14.125
1503601817248,-0.64,-0.361,0.23199999999999998,0.637,0.826,-0.15,-0.5670000000000001,-16.0,1.5,-7.375
1503601817265,-0.64,-0.36,0.235,0.637,0.847,-0.155,-0.583,-15.187999999999999,-1.25,-2.812
1503601817286,-0.64,-0.358,0.23600000000000002,0.638,0.8270000000000001,-0.177,-0.612,-13.5,0.75,-1.5
1503601817309,-0.639,-0.358,0.23800000000000002,0.638,0.823,-0.18,-0.621,-10.375,3.625,-1.062
1503601817325,-0.638,-0.358,0.239,0.639,0.846,-0.17800000000000002,-0.619,-7.5,6.75,2.0
1503601817346,-0.636,-0.359,0.24100000000000002,0.639,0.852,-0.182,-0.598,-6.312,7.562,5.625
1503601817370,-0.635,-0.36,0.242,0.64,0.836,-0.2,-0.5720000000000001,-6.0,6.688,5.75
1503601817384,-0.633,-0.36,0.242,0.6409999999999999,0.815,-0.204,-0.5529999999999999,-6.375,5.438,4.375
1503601817406,-0.632,-0.36,0.244,0.6409999999999999,0.81,-0.192,-0.563,-7.688,3.938,2.5
1503601817428,-0.631,-0.36,0.245,0.642,0.8,-0.175,-0.5670000000000001,-10.25,6.375,1.375
1503601817444,-0.629,-0.36,0.248,0.642,0.779,-0.17300000000000001,-0.56,-13.187999999999999,12.5,0.812
1503601817466,-0.627,-0.361,0.251,0.643,0.797,-0.166,-0.5529999999999999,-15.625,16.125,1.4380000000000002
1503601817488,-0.625,-0.361,0.255,0.643,0.8240000000000001,-0.151,-0.5820000000000001,-15.875,19.375,4.625
1503601817504,-0.622,-0.36200000000000004,0.258,0.645,0.823,-0.133,-0.603,-14.0,16.938,7.875
1503601817531,-0.621,-0.361,0.259,0.6459999999999999,0.812,-0.128,-0.609,-11.5,5.062,9.937999999999999
1503601817548,-0.62,-0.359,0.258,0.648,0.8,-0.129,-0.612,-7.438,-4.875,8.875
1503601817566,-0.62,-0.358,0.257,0.65,0.769,-0.139,-0.607,-4.062,-11.062000000000001,8.5
1503601817595,-0.619,-0.35600000000000004,0.255,0.6509999999999999,0.75,-0.14,-0.615,-1.4380000000000002,-8.937999999999999,7.625
1503601817608,-0.619,-0.35600000000000004,0.254,0.652,0.737,-0.149,-0.632,1.188,-1.75,7.375
1503601817624,-0.618,-0.35600000000000004,0.253,0.653,0.748,-0.151,-0.626,3.312,2.625,8.375
1503601817646,-0.618,-0.35700000000000004,0.251,0.654,0.754,-0.149,-0.624,5.625,-1.375,9.75
1503601817668,-0.617,-0.35700000000000004,0.249,0.6559999999999999,0.753,-0.163,-0.614,8.812000000000001,-6.5,11.812000000000001
1503601817684,-0.617,-0.358,0.245,0.657,0.7659999999999999,-0.171,-0.586,10.625,-8.75,14.312000000000001
1503601817706,-0.615,-0.359,0.242,0.659,0.774,-0.188,-0.56,8.75,-10.687999999999999,18.062
1503601817731,-0.614,-0.36,0.239,0.6609999999999999,0.7879999999999999,-0.19399999999999998,-0.5660000000000001,6.062,-8.937999999999999,21.5
1503601817744,-0.612,-0.361,0.237,0.6629999999999999,0.8029999999999999,-0.228,-0.569,4.562,-5.875,20.5
1503601817767,-0.609,-0.36200000000000004,0.235,0.665,0.799,-0.228,-0.562,1.0,-5.312,19.375
1503601817789,-0.608,-0.36200000000000004,0.233,0.667,0.8,-0.222,-0.5479999999999999,0.25,-7.125,17.188
1503601817804,-0.606,-0.36200000000000004,0.23199999999999998,0.669,0.799,-0.23,-0.542,-2.688,-6.75,14.687999999999999
1503601817826,-0.604,-0.36200000000000004,0.23199999999999998,0.6709999999999999,0.782,-0.223,-0.5529999999999999,-6.5,-3.688,12.562000000000001
1503601817848,-0.603,-0.36200000000000004,0.23199999999999998,0.672,0.774,-0.21,-0.5670000000000001,-8.25,1.625,9.375
1503601817866,-0.601,-0.36200000000000004,0.23399999999999999,0.6729999999999999,0.7659999999999999,-0.20199999999999999,-0.5820000000000001,-7.875,7.062,4.5
1503601817887,-0.601,-0.36200000000000004,0.235,0.6729999999999999,0.768,-0.19899999999999998,-0.578,-7.312,6.5,-1.062
1503601817909,-0.601,-0.361,0.237,0.6729999999999999,0.762,-0.19899999999999998,-0.565,-7.75,5.625,-4.688
1503601817924,-0.601,-0.36,0.239,0.672,0.762,-0.18899999999999997,-0.5770000000000001,-7.75,6.188,-8.25
1503601817947,-0.601,-0.36,0.242,0.6709999999999999,0.741,-0.18100000000000002,-0.609,-6.75,10.125,-9.312000000000001
1503601817970,-0.601,-0.36,0.244,0.6709999999999999,0.7490000000000001,-0.175,-0.614,-4.375,10.812000000000001,-8.625
1503601817984,-0.602,-0.36,0.245,0.67,0.774,-0.17300000000000001,-0.602,-1.0,7.312,-6.812
1503601818007,-0.602,-0.36,0.245,0.669,0.785,-0.192,-0.608,2.625,-0.25,-4.812
1503601818029,-0.603,-0.359,0.244,0.669,0.774,-0.20600000000000002,-0.608,4.062,-7.062,-2.875
1503601818045,-0.604,-0.359,0.24100000000000002,0.669,0.757,-0.209,-0.599,6.125,-10.625,-1.375
1503601818068,-0.605,-0.359,0.239,0.669,0.7659999999999999,-0.205,-0.595,8.562000000000001,-8.312000000000001,-0.25
1503601818089,-0.606,-0.36,0.23800000000000002,0.669,0.777,-0.215,-0.591,10.375,-4.375,0.125
1503601818105,-0.606,-0.361,0.23600000000000002,0.6679999999999999,0.789,-0.22899999999999998,-0.588,10.812000000000001,-2.875,-1.5
1503601818127,-0.607,-0.36200000000000004,0.235,0.667,0.789,-0.23199999999999998,-0.583,10.875,-2.875,-4.625
1503601818149,-0.608,-0.363,0.23399999999999999,0.6659999999999999,0.773,-0.22899999999999998,-0.583,10.625,-2.062,-7.812
1503601818167,-0.61,-0.364,0.233,0.664,0.765,-0.22,-0.575,10.375,0.938,-10.937999999999999
1503601818187,-0.611,-0.365,0.233,0.662,0.775,-0.21600000000000003,-0.579,9.5,3.438,-11.625
1503601818209,-0.612,-0.366,0.23399999999999999,0.6609999999999999,0.782,-0.222,-0.574,8.75,5.625,-11.0
1503601818224,-0.613,-0.36700000000000005,0.23399999999999999,0.659,0.797,-0.221,-0.569,7.25,4.812,-10.312000000000001
1503601818247,-0.614,-0.368,0.23399999999999999,0.657,0.7959999999999999,-0.213,-0.573,6.938,3.375,-9.5
1503601818269,-0.615,-0.369,0.23399999999999999,0.6559999999999999,0.8079999999999999,-0.209,-0.5589999999999999,5.25,-0.312,-6.688
1503601818285,-0.616,-0.369,0.23399999999999999,0.6559999999999999,0.804,-0.2,-0.569,3.562,-2.5,-4.188
1503601818307,-0.616,-0.369,0.23399999999999999,0.655,0.802,-0.198,-0.562,2.875,-2.438,-3.062
1503601818329,-0.617,-0.369,0.23399999999999999,0.655,0.797,-0.20199999999999999,-0.569,2.062,-2.562,-1.6880000000000002
1503601818344,-0.617,-0.369,0.233,0.655,0.792,-0.198,-0.568,2.125,-3.75,-2.25
1503601818368,-0.618,-0.369,0.233,0.654,0.794,-0.203,-0.562,2.062,-4.062,-3.688
