0.57536,0.025451,0.0022938,-72.93,-56.452,-51.039,-0.602,-0.60102,-0.59994,-0.57536,0.018322,0.51162,0.02147,0.0064406,-64.144,-57.638,-52.634,-0.52813,-0.52806,-0.52776,-0.51162,0.016423,0.37076,0.0063005,0.0035667,-72.93,-63.001,-60.826,0.37997,0.37991,0.37972,0.37076,0.0054569,0.51876,0.015286,0.0051779,-63.388,-57.389,-51.001,0.53181,0.53126,0.53109,0.51876,0.011945,0.98414,0.028453,0.027487,-75.429,-60.818,-48.911,1.0788,1.0502,1.047,0.98414,0.041374,0.14666,0.050188,0.025904,-54.634,-49.901,-49.726,-0.2363,-0.23233,-0.22311,-0.14666,0.044568,7.2109,7.0643,2.23,24.558,24.325,24.315,18.561,18.409,18.085,2.23,7.6283,18.626,7.292,4.4,32.002,31.528,31.318,35.029,-31.133,-30.363,1.4425,15.581,15.591,2.1555,2.0908,30.099,29.938,29.184,20.957,19.234,18.99,0.41628,11.673
0.52624,0.0423,0.012042,-53.866,-53.239,-52.012,-0.56118,-0.56085,-0.56076,-0.52624,0.032834,0.55886,0.078409,0.020822,-49.319,-49.255,-48.077,-0.63016,-0.6301,-0.63008,-0.55886,0.059441,0.36697,0.014979,0.0056911,-64.311,-63.539,-63.164,0.39345,0.39328,0.39317,0.36697,0.012083,0.51999,0.042093,0.0083204,-53.945,-53.865,-53.051,0.55803,0.55771,0.55734,0.51999,0.031237,0.97404,0.018891,0.016666,-55.485,-55.059,-49.533,1.0571,1.0514,1.0449,0.97404,0.037001,0.17658,0.050265,0.050096,-58.714,-56.504,-54.687,-0.20857,-0.2019,-0.20161,-0.050265,0.13521,8.9029,7.3405,5.9374,-52.957,-30.996,-30.343,-31.539,-29.881,-29.241,-3.9556,9.7269,12.331,8.1115,6.7399,32.184,31.68,30.457,-53.907,-53.771,-49.945,-6.7399,13.426,8.3374,7.8365,5.7084,28.134,27.19,-26.891,-30.615,-30.003,-29.615,-1.8018,10.376
0.46919,0.036299,0.010944,-56.484,-53.117,-52.736,-0.51899,-0.51872,-0.51843,-0.46919,0.028138,0.50896,0.074501,0.013369,-50.487,-49.421,-48.153,-0.57023,-0.56982,-0.56979,-0.50896,0.055807,0.45504,0.016389,0.0084894,-59.285,-56.911,-55.22,0.47606,0.47592,0.47506,0.45504,0.013844,0.55534,0.047795,0.0075289,-54.078,-53.13,-49.884,0.60804,0.60772,0.60732,0.55534,0.03539,0.98781,0.030795,0.025898,-45.813,-45.249,-44.209,1.1117,1.085,1.0717,0.98781,0.039667,0.17981,0.039075,0.031755,-55.821,-54.7,-53.439,-0.22618,-0.22474,-0.22205,-0.011621,0.13767,11.262,5.5423,4.6482,-37.341,29.747,29.437,-31.918,-29.52,-28.831,-3.9862,10.823,20.93,7.5685,7.4766,35.919,34.523,34.436,-50,-46.61,-43.376,-7.5685,17.527,6.1991,3.2811,3.0975,-34.89,25.356,23.731,21.832,18.5,-18.387,-1.7678,7.5737
0.51724,0.0058976,0.0053954,-71.943,-61.815,-56.659,-0.52431,-0.5241,-0.52398,-0.51724,0.0059821,0.45383,0.029034,0.01564,-69.761,-64.432,-55.027,-0.51306,-0.51185,-0.50985,-0.45383,0.023929,0.43309,0.010133,0.0072895,-56.59,-52.889,-51.259,0.45306,0.45251,0.45203,0.43309,0.014294,0.58124,0.017504,0.010947,-59.018,-55.498,-52.712,0.59987,0.59958,0.59949,0.58124,0.017252,0.98968,0.014738,0.012511,-53.728,-48.8,-45.46,1.095,1.0857,1.0621,0.98968,0.028377,0.16087,0.052547,0.037992,-62.526,-59.574,-55.385,-0.2252,-0.22187,-0.22035,-0.16087,0.056931,7.6391,6.9688,6.2933,30.147,28.426,26.787,23.69,22.758,20.698,-0.50868,9.8462,7.6536,4.3545,4.2899,27.872,27.554,26.49,-36.842,-31.806,-29.722,-4.2899,9.2041,8.11,6.3804,3.8169,27.898,27.029,26.368,32.595,31.602,29.135,3.3586,10.193
0.46687,0.035194,0.0054116,-59.365,-56.353,-54.047,-0.50921,-0.5084,-0.50729,-0.46687,0.025846,0.51497,0.052344,0.02181,-46.302,-46.143,-44.678,-0.56221,-0.5619,-0.56187,-0.51497,0.044451,0.44345,0.0039632,0.0030674,-65.744,-56.057,-55.257,0.45192,0.45149,0.45034,0.44345,0.0047042,0.56318,0.016746,0.014826,-49.027,-47.183,-46.98,0.61215,0.61188,0.61091,0.56318,0.022105,0.9879,0.03003,0.026412,-50.373,-48.656,-43.703,1.0899,1.0714,1.0676,0.9879,0.048536,0.10097,0.06411,0.043236,-53.97,-53.883,-53.31,-0.21883,-0.21781,-0.21378,-0.021,0.10082,14.497,12.867,10.501,33.216,32.582,31.969,-35.553,-33.136,-32.652,-10.501,15.076,21.833,11.622,8.6832,34.255,34.24,33.796,-64.004,-50.911,-48.097,-11.622,19.754,18.292,10.04,4.0628,32.508,31.942,31.597,-33.91,27.686,27.549,-1.2033,15.931
0.60956,0.0049481,0.0041892,-60.429,-55.181,-50.184,-0.62509,-0.6247,-0.62318,-0.60956,0.005531,0.48715,0.013607,0.01172,-60.666,-56.111,-51.723,-0.52218,-0.52198,-0.52089,-0.48715,0.014399,0.36445,0.0029039,0.0025111,-75.491,-59.372,-55.208,0.36941,0.36937,0.36925,0.36445,0.0035448,0.50785,0.010269,0.0058417,-70.289,-58.024,-52.382,0.52003,0.51984,0.51983,0.50785,0.0088215,0.97549,0.019983,0.017496,-55.267,-49.708,-47.817,1.0599,1.045,1.0429,0.97549,0.02938,0.2083,0.040187,0.03345,-53.507,-50.538,-49.682,-0.27651,-0.27319,-0.27053,-0.2083,0.047304,9.8574,7.8358,5.6424,29.138,28.577,-27.642,-23.605,-23.13,-21.066,-1.7923,10.916,15.395,10.509,7.8323,32.549,31.986,30.641,-33.991,-30.842,30.666,-2.2897,16.879,5.0278,4.7811,4.7527,23.225,22.719,22.482,22.693,21.891,19.88,-0.58361,7.5221
0.56376,0.013858,0.012948,-55.429,-51.731,-48.403,-0.58615,-0.58589,-0.58581,-0.56376,0.015996,0.5488,0.044007,0.024592,-50.324,-45.194,-44.894,-0.62332,-0.62273,-0.62191,-0.5488,0.040462,0.38,0.0063048,0.0043386,-62.049,-58.171,-53.988,0.39611,0.39493,0.3919,0.38,0.0064681,0.48364,0.034756,0.010227,-54.868,-50.211,-48.861,0.51924,0.51907,0.51887,0.48364,0.02766,0.99212,0.02617,0.020197,-57.607,-47.685,-45.147,1.0649,1.0483,1.0482,0.99212,0.036543,0.156,0.059536,0.04682,-60.676,-60.657,-59.527,-0.24823,-0.24619,-0.24231,-0.04682,0.12534,28.084,12.936,11.855,36.101,35.962,35.145,-43.687,-42.705,-42.589,-10.451,24.318,42.152,20.888,12.579,40.13,39.785,39.333,-60.17,-55.853,-55.662,-12.579,36.229,11.929,8.7772,5.1995,-30.866,29.741,29.352,-24.371,-24.317,-23.834,-4.2588,12.304
0.49663,0.036551,0.014133,-55.583,-54.106,-52.992,-0.52313,-0.52276,-0.52216,-0.49663,0.029196,0.48538,0.074186,0.027428,-49.035,-48.315,-47.93,-0.57203,-0.572,-0.57199,-0.48538,0.059349,0.43685,0.020215,0.0063177,-61.716,-61.017,-56.21,0.46674,0.46624,0.46522,0.43685,0.016003,0.56636,0.049881,0.017581,-53.533,-50.681,-50.365,0.60626,0.60582,0.60565,0.56636,0.039731,0.98041,0.015892,0.015197,-56.964,-51.813,-47.252,1.0833,1.0797,1.066,0.98041,0.028835,0.18357,0.090702,0.069393,-68.786,-59.171,-58.793,-0.23266,-0.23097,-0.2308,-0.090702,0.14736,4.8563,4.3688,4.0682,-41.481,-30.506,-29.564,-21.623,-21.596,-21.09,-4.3688,5.6944,11.858,10.692,7.3134,32.573,31.826,31.272,-59.628,-55.519,-55.249,-6.5337,14.381,3.7225,2.8906,2.2854,-26.727,-25.635,-23.736,-24.939,-24.08,-20.929,-1.4885,5.0238
0.48967,0.041537,0.009447,-56.832,-52.08,-51.971,-0.52245,-0.52176,-0.52148,-0.48967,0.031954,0.48567,0.086303,0.020362,-50.212,-46.446,-46.408,-0.57983,-0.57956,-0.57953,-0.48567,0.066354,0.44204,0.012164,0.0043223,-67.713,-61.291,-58.874,0.45428,0.45408,0.45396,0.44204,0.0097384,0.56768,0.044928,0.01616,-54.844,-49.703,-49.597,0.61123,0.61101,0.61096,0.56768,0.035999,0.98091,0.021306,0.019101,-60.109,-50.702,-44.721,1.0846,1.0692,1.0537,0.98091,0.036232,0.18561,0.078266,0.053881,-64.794,-61.27,-61.238,-0.24369,-0.23349,-0.23222,-0.078266,0.14547,10.035,6.1729,3.5551,-30.596,30.368,29.688,-25.041,-22.228,-21.806,-6.1729,8.2703,15.702,9.7334,6.9019,34.351,33.665,32.134,-53.966,-51.763,-50.771,-9.7334,14.497,10.067,5.5017,4.6323,28.89,-28.807,28.154,-36.766,-33.063,-24.349,-3.1011,9.7345
0.56104,0.020656,0.016393,-53.081,-52.336,-49.72,-0.61894,-0.61887,-0.61828,-0.56104,0.021286,0.58841,0.030569,0.021766,-49.596,-49.024,-48.567,-0.62005,-0.61971,-0.61935,-0.58841,0.030874,0.35218,0.0035517,0.0029794,-64.695,-64.579,-56.726,0.35942,0.35931,0.35929,0.35218,0.0041224,0.46186,0.019806,0.0083653,-56.548,-56.431,-52.841,0.50026,0.4997,0.49791,0.46186,0.016715,0.99516,0.021668,0.020393,-48.992,-47.089,-46.784,1.1296,1.0797,1.0774,0.99516,0.03495,0.070776,0.048672,0.048127,-58.548,-57.62,-50.147,-0.23536,-0.22938,-0.22334,-0.0054937,0.078896,13.285,5.1506,3.9644,30.969,29.892,28.521,-26.37,-25.514,-22.669,-3.9644,10.67,20.802,14.589,8.6817,-86.958,34.489,34.44,-80.55,-77.271,-69.979,-7.8639,21.25,4.6343,3.9827,2.1772,-28.884,22.583,21.84,-14.868,-13.536,-12.678,-2.1772,5.6149
0.57748,0.04187,0.0070919,-57.633,-55.954,-52.787,-0.61517,-0.61516,-0.61499,-0.57748,0.031261,0.53499,0.076124,0.012998,-47.811,-47.62,-46.998,-0.61021,-0.61003,-0.61002,-0.53499,0.057589,0.38128,0.034153,0.027142,-44.245,-44.079,-43.994,0.41221,0.41211,0.41187,0.38128,0.042444,0.47717,0.042939,0.017781,-62.307,-59.84,-54.773,0.53474,0.53455,0.53399,0.47717,0.034143,0.9914,0.035061,0.029842,-43.695,-43.526,-43.413,1.152,1.1147,1.1002,0.9914,0.057508,0.16734,0.074893,0.047243,-53.377,-52.325,-50.924,-0.22175,-0.21507,-0.21495,-0.074893,0.12664,8.8626,8.8258,8.293,31.384,30.521,28.546,-59.611,-59.302,-59.079,-8.293,13.114,29.937,13.921,12.875,38.814,37.747,36.712,74.966,73.736,69.112,0.45753,28.588,20.678,16.911,10.87,36.614,36.523,33.743,-77.472,-72.462,-67.027,-10.87,21.134
0.52849,0.017344,0.012861,-60.096,-55.912,-54.924,-0.54813,-0.54809,-0.54807,-0.52849,0.017337,0.44642,0.034863,0.027834,-54.076,-50.913,-49.853,-0.53299,-0.52975,-0.5248,-0.44642,0.035053,0.44902,0.0098377,0.0082808,-61.547,-58.313,-54.721,0.47026,0.46999,0.46985,0.44902,0.011209,0.56355,0.019794,0.018248,-56.8,-53.124,-51.414,0.59246,0.59233,0.59219,0.56355,0.022025,0.98569,0.020369,0.012891,-55.467,-54.076,-53.724,1.0828,1.052,1.0452,0.98569,0.030965,0.14507,0.080835,0.071202,-54.832,-53.937,-53.397,-0.25224,-0.24909,-0.24884,-0.14507,0.089504,5.6443,4.3769,4.1754,26.118,-26.116,25.064,-22.314,-21.319,-20.462,-3.871,7.3273,12.91,9.1091,7.8629,31.808,31.432,31.002,-50.571,-44.042,-41.072,-7.6494,15.271,6.785,2.907,1.9304,25.379,25.065,-23.237,-14.695,-14.272,13.65,-0.30621,6.3558
0.45521,0.005083,0.0043348,-66.221,-63.669,-56.415,-0.46254,-0.46238,-0.46222,-0.45521,0.0064634,0.37292,0.017022,0.013979,-65.66,-59.153,-57.219,-0.42139,-0.41801,-0.41221,-0.37292,0.01722,0.45281,0.0039164,0.0036018,-65.134,-59.08,-54.344,0.46633,0.4655,0.46501,0.45281,0.0064357,0.66953,0.0082459,0.0054821,-Inf,-62.626,-53.793,0.67765,0.67738,0.67725,0.66953,0.0079222,0.96387,0.013591,0.011955,-66.82,-54.113,-47.325,1.0429,1.0203,1.0184,0.96387,0.027624,0.2614,0.031038,0.026433,-74.06,-65.37,-58.739,-0.31699,-0.31577,-0.31219,-0.2614,0.03867,6.8006,6.4241,5.1426,26.701,26.554,26.43,40.069,38.54,36.419,0.87707,9.3236,4.9046,4.7267,4.2994,25.002,24.303,24.136,-32.74,-31.363,-28.8,-0.95498,8.3695,5.3313,4.5507,4.3166,25.74,25.157,24.057,23.659,22.696,21.965,1.1113,7.0156
0.45238,0.006472,0.005218,-55.847,-55.797,-55.426,-0.46421,-0.46416,-0.464,-0.45238,0.0095594,0.39694,0.018995,0.0077584,-65.796,-63.57,-59.577,-0.44705,-0.44681,-0.4461,-0.39694,0.017304,0.47614,0.0098702,0.0062048,-55.847,-55.656,-54.558,0.48981,0.4893,0.48913,0.47614,0.011793,0.6407,0.0041635,0.0029669,-65.752,-59.416,-57.002,0.64968,0.64935,0.64926,0.6407,0.0053127,0.98499,0.0099394,0.0089837,-51.457,-48.817,-46.935,1.0592,1.0428,1.0374,0.98499,0.022936,0.18099,0.023078,0.022129,-62.462,-50.336,-50.033,-0.26951,-0.259,-0.25411,-0.18099,0.03854,6.5161,5.3352,4.8444,25.788,25.244,24.66,35.678,35.11,33.927,0.56908,8.9518,5.5439,4.3438,4.1511,-33.737,28.177,26.268,-28.788,-26.412,-25.596,-2.864,8.9542,6.8324,5.1655,4.6867,28.478,28.45,27.067,28.352,26.748,-25.842,-0.050641,10.139
0.53763,0.0042303,0.0030531,-90.337,-76.187,-58.81,-0.54735,-0.547,-0.54691,-0.53763,0.0049959,0.45509,0.010048,0.0041097,-90.337,-71.199,-60.163,-0.47098,-0.47097,-0.47088,-0.45509,0.0086029,0.40294,0.009372,0.0059914,-66.815,-63.029,-60.366,0.41916,0.41865,0.41797,0.40294,0.010139,0.58402,0.011455,0.0078188,-74.774,-63.347,-56.724,0.60592,0.60589,0.6057,0.58402,0.011999,0.97524,0.01646,0.014185,-57.749,-53.059,-52.495,1.0554,1.0476,1.0474,0.97524,0.033009,0.21212,0.026547,0.022669,-59.352,-58.871,-58.002,-0.25707,-0.25588,-0.25388,-0.21212,0.031776,3.9846,3.7308,3.4003,25.34,23.949,23.569,-18.544,-17.994,-16.361,-1.1494,6.852,5.8665,4.0156,3.4506,-40.272,28.035,-24.381,22.417,21.285,20.534,-0.7344,8.8117,5.6857,5.5432,4.7248,27.61,26.496,-25.587,27.3,25.984,23.907,1.4426,8.9235
0.54982,0.0080473,0.0079849,-63.988,-61.647,-58.806,-0.56419,-0.56376,-0.56297,-0.54982,0.012214,0.47035,0.035879,0.032134,-50.069,-49.391,-49.184,-0.63013,-0.62977,-0.62907,-0.47035,0.047441,0.4157,0.0056497,0.0026656,-72.388,-64.015,-61.649,0.42631,0.42593,0.42541,0.4157,0.0057032,0.54751,0.028151,0.024931,-49.782,-49.704,-49.69,0.58717,0.58692,0.58575,0.54751,0.038877,0.98297,0.0086041,0.008125,-54.78,-53.432,-52.568,1.0716,1.0635,1.0603,0.98297,0.023659,0.15706,0.067874,0.065951,-76.598,-69.625,-69.11,-0.22448,-0.22327,-0.22066,-0.15706,0.10246,5.9978,5.7301,4.9058,-29.864,28.607,28.56,-40.71,-40.092,-36.918,-4.2221,8.6368,7.5973,7.3644,7.0033,30.624,30.324,29.984,-61.234,-57.837,-55.265,-4.3508,12.868,3.2199,2.5388,2.4359,-27.858,23.166,21.576,24.661,24.16,22.997,0.85818,5.994
0.47214,0.011273,0.0097709,-57.271,-56.297,-56.09,-0.48416,-0.48415,-0.48409,-0.47214,0.014277,0.40547,0.029973,0.025104,-48.146,-47.785,-47.014,-0.58389,-0.58,-0.57375,-0.40547,0.040433,0.47332,0.0077359,0.0074106,-64.035,-60.757,-58.091,0.49952,0.4994,0.4991,0.47332,0.010251,0.62118,0.020048,0.017295,-50.526,-49.897,-49.099,0.64155,0.64134,0.64126,0.62118,0.028163,0.98114,0.024015,0.022914,-48.701,-48.497,-45.7,1.0952,1.0941,1.0859,0.98114,0.040271,0.16929,0.067821,0.0586,-60.711,-57.805,-56.549,0.30166,0.2777,0.24879,-0.16929,0.095303,7.8485,7.4741,5.4069,29.857,29.494,28.393,-41.982,-40.556,-40.388,-5.0763,10.47,10.735,9.3836,7.5753,33.167,31.95,30.754,-62.621,-57.015,-54.276,-5.8687,13.749,6.0947,5.6979,4.62,26.877,26.498,26.266,-41.538,-40.888,-37.763,-1.1645,10.114
0.4664,0.02122,0.014351,-52.873,-52.151,-51.006,-0.48919,-0.48905,-0.48873,-0.4664,0.02251,0.42294,0.032557,0.026771,-54.254,-54.199,-53.079,-0.49392,-0.49364,-0.49346,-0.42294,0.033598,0.47244,0.026026,0.0049878,-58.937,-58.011,-57.834,0.5039,0.50364,0.50315,0.47244,0.019651,0.61495,0.017389,0.0052219,-58.268,-57.625,-56.991,0.62843,0.62839,0.62832,0.61495,0.013672,0.98945,0.032275,0.031749,-50.077,-49.704,-48.582,1.0834,1.0809,1.0748,0.98945,0.053969,0.1443,0.066061,0.053967,-57.751,-54.827,-53.742,-0.2301,-0.22323,-0.22023,-0.1443,0.07334,8.1836,7.6275,5.8329,28.239,28.128,27.239,-23.394,-23.334,-22.903,-0.64106,10.432,9.8686,9.4866,5.2648,29.148,29.037,29.019,-43.055,-41.256,-39.491,-4.803,13.31,12.454,10.674,8.4878,32.803,32.627,29.848,-42.245,-41.299,-40.948,-2.6619,17.076
0.55524,0.011788,0.0056417,-Inf,-Inf,-73.428,-0.56719,-0.56718,-0.56676,-0.55524,0.010911,0.47364,0.016528,0.012582,-67.956,-61.361,-60.982,-0.51533,-0.5147,-0.51371,-0.47364,0.017047,0.40399,0.0072434,0.006989,-71.15,-63.645,-60.367,0.42227,0.42193,0.42075,0.40399,0.0086478,0.55098,0.01113,0.010193,-60.987,-58.559,-57.563,0.57268,0.57232,0.57183,0.55098,0.0132,0.9829,0.015046,0.014231,-61.935,-61.359,-55.313,1.0536,1.0531,1.0493,0.9829,0.030237,0.17386,0.03599,0.034839,-62.47,-60.704,-53.337,-0.22319,-0.2215,-0.22102,-0.17386,0.04606,4.3525,3.9684,3.8958,-27.489,24.434,24.231,-20.519,-19.575,-18.386,-1.7552,6.6843,6.2416,5.0339,3.9496,27.754,25.749,25.075,-29.685,27.437,-27.401,-1.9479,9.8948,4.1027,3.5338,3.4093,-26.24,-24.508,23.881,24.481,22.701,21.866,1.382,6.6351
0.52133,0.013148,0.010863,-61.108,-58.503,-58.378,-0.5423,-0.54146,-0.53913,-0.52133,0.015703,0.52404,0.021534,0.014769,-52.385,-52.045,-51.306,-0.61707,-0.61702,-0.61695,-0.52404,0.026897,0.42328,0.021849,0.018266,-64.362,-63.509,-61.176,0.44416,0.44402,0.44398,0.42328,0.02578,0.52128,0.022606,0.022601,-53.054,-52.673,-51.363,0.59016,0.59001,0.58994,0.52128,0.032711,0.99167,0.026787,0.024614,-49.569,-47.587,-47.049,1.0895,1.0798,1.0689,0.99167,0.048234,0.040341,0.040033,0.038772,-59.447,-57.397,-56.798,0.22339,0.22187,0.21925,-0.040033,0.0697,4.4244,4.1855,3.557,-27.094,26.562,25.576,-29.903,-28.617,-25.099,-3.4089,7.2265,5.0905,4.7719,4.4679,-27.991,27.336,26.635,-36.499,-36.117,-34.707,-3.7265,8.8647,10.014,9.5391,9.0819,33.385,33.054,31.871,-53.891,-53.531,-53.29,0.28033,15.728
0.43436,0.02468,0.017851,-57.352,-52.414,-51.993,-0.47171,-0.47159,-0.47092,-0.43436,0.024426,0.46365,0.06631,0.039104,-68.897,-68.439,-57.475,-0.58117,-0.5804,-0.57861,-0.46365,0.056406,0.43538,0.077863,0.039153,-57.352,-52.857,-51.588,0.48797,0.48794,0.4878,0.43538,0.063114,0.63171,0.0080499,0.0065207,-71.08,-65.478,-53.927,0.64803,0.64788,0.64724,0.63171,0.0079573,0.95509,0.079504,0.077584,-48.427,-47.924,-46.496,1.1663,1.131,1.0612,0.95509,0.10915,0.12424,0.064665,0.041515,-65.595,-52.804,-52.192,-0.27075,-0.24303,-0.24039,-0.12424,0.075458,24.557,22.352,19.658,38.132,37.106,37.059,-62.344,-62.261,-61.155,2.2381,28.207,9.0912,6.9227,5.2373,27.766,27.763,27.687,-46.702,-39.891,38.535,-5.2125,12.733,32.566,24.62,18.247,40.423,39.528,38.614,-77.979,-76.875,-74.697,-0.61061,33.19
0.4675,0.022553,0.010009,-61.907,-58.114,-56.217,-0.4841,-0.48404,-0.48379,-0.4675,0.018323,0.43317,0.050841,0.011852,-56.383,-55.514,-54.838,-0.51208,-0.5116,-0.51021,-0.43318,0.03855,0.4758,0.019968,0.0060906,-61.907,-60.872,-60.316,0.49261,0.49238,0.49233,0.4758,0.015443,0.60431,0.015259,0.0077798,-61.438,-60.19,-58.194,0.62094,0.62061,0.62042,0.60431,0.014099,0.988,0.015599,0.013537,-60.706,-60.164,-53.146,1.0426,1.0405,1.0318,0.988,0.028216,0.11705,0.080571,0.032933,-67.835,-65.429,-59.46,-0.19526,-0.19521,-0.19371,-0.11705,0.07399,13.2,8.0747,6.8389,31.582,31.016,-28.244,-36.358,-33.254,-29.932,-2.0883,12.92,7.2599,6.2821,3.9476,29.545,28.13,27.011,-27.714,-25.874,-22.6,-6.2821,8.5376,14.538,4.4518,4.4392,31.581,31.35,28.994,-37.835,-36.311,-35.875,-1.1172,12.393
0.56429,0.0021665,0.0018213,-60.804,-60.567,-58.868,-0.56791,-0.56751,-0.56746,-0.56429,0.0023046,0.47667,0.010089,0.0050943,-58.253,-58.113,-56.232,-0.51211,-0.51085,-0.50884,-0.47667,0.0096508,0.38326,0.0019107,0.0012747,-63.374,-62.318,-60.782,0.38804,0.38762,0.3872,0.38326,0.0022182,0.55437,0.0083695,0.0043188,-57.166,-56.811,-56.166,0.56315,0.56305,0.56266,0.55437,0.0083414,0.97697,0.012624,0.011329,-52.998,-50.457,-50.348,1.0293,1.0256,1.0187,0.97697,0.018891,0.20245,0.020696,0.012293,-61.674,-56.69,-53.107,-0.239,-0.23119,-0.23088,-0.20245,0.025681,2.4375,2.3493,2.3117,-24.778,22.197,-21.533,-15.044,-14.953,-14.324,-2.4375,3.9532,3.0251,2.7887,2.4207,-22.299,22.122,20.068,-19.977,-17.905,-15.444,-1.9717,5.271,2.0315,1.8296,1.2924,-47.08,-25.588,-22.431,-9.055,7.7432,7.7288,1.0695,3.178
0.53746,0.012843,0.01073,-65.129,-61.69,-57.76,-0.54783,-0.54755,-0.54731,-0.53746,0.013459,0.46439,0.030739,0.023633,-60.132,-58.128,-55.587,-0.55217,-0.5519,-0.55185,-0.46439,0.030367,0.43798,0.0080182,0.0071226,-61.935,-58.849,-55.908,0.45502,0.45458,0.45336,0.43798,0.010376,0.54964,0.018128,0.013028,-61.292,-57.677,-55.581,0.57103,0.5708,0.57037,0.54964,0.018969,0.9916,0.015788,0.009656,-59.605,-55.655,-44.793,1.0631,1.0626,1.0576,0.9916,0.0213,0.13174,0.066177,0.047086,-56.492,-55.736,-55.271,-0.19116,-0.18331,-0.18284,-0.13174,0.069277,5.1052,5.0616,4.8973,27.073,25.7,25.635,-22.368,-22.226,-21.936,-1.3895,8.3345,6.2196,6.2058,6.0092,27.956,27.201,27.018,-43.356,-42.367,-38.387,-3.6645,10.741,6.4016,4.9778,4.7083,28.996,27.872,24.709,-28.629,-27.575,25.441,0.79531,9.9285
0.48693,0.026733,0.0053537,-76.89,-65.768,-55.439,-0.51015,-0.51008,-0.51003,-0.48693,0.019463,0.48471,0.033917,0.0043065,-74.392,-61.036,-54.687,-0.52702,-0.52686,-0.52626,-0.48471,0.024437,0.4581,0.022996,0.0084896,-61.824,-56.34,-54.128,0.47516,0.47511,0.47508,0.4581,0.01815,0.56269,0.020197,0.0046186,-63.51,-56.365,-53.102,0.59114,0.59108,0.59062,0.56269,0.015465,0.99676,0.030056,0.014168,-65.605,-51.041,-50.491,1.0548,1.0519,1.0482,0.99676,0.031095,0.058243,0.04778,0.020852,-62.809,-61.258,-59.12,-0.1188,-0.11652,-0.11646,-0.058243,0.042028,7.6275,3.6421,2.6643,-26.979,25.11,24.772,-13.128,-12.616,-12.501,-0.27056,7.032,7.4589,3.6849,3.1679,-27.945,25.861,25.71,-21.05,-17.472,-17.145,-3.6849,7.1544,24.012,8.7848,2.648,36.109,35.463,34.031,32.715,32.702,31.621,1.7536,18.598
0.49345,0.0084752,0.0065754,-63.821,-57.773,-57.02,-0.50902,-0.50901,-0.50898,-0.49345,0.0097682,0.4011,0.022038,0.016484,-69.39,-60.728,-60.265,-0.45701,-0.45674,-0.45633,-0.4011,0.0216,0.44035,0.0055573,0.0052832,-58.451,-56.918,-55.441,0.45619,0.45588,0.4558,0.44035,0.0086464,0.63319,0.011027,0.0089942,-68.928,-56.788,-54.677,0.64464,0.64456,0.64406,0.63319,0.011568,0.96977,0.018311,0.012921,-55.545,-54.551,-52.645,1.0539,1.0491,1.0357,0.96977,0.030292,0.2391,0.036035,0.033913,-63.662,-61.63,-57.042,-0.29418,-0.28179,-0.2802,-0.2391,0.045376,5.9585,5.3747,5.164,27.205,25.853,25.688,29.555,29.021,28.457,0.030639,7.7702,5.1242,4.934,4.3882,25.528,25.432,25.013,-41.336,-40.836,-38.237,-2.1819,9.1591,6.2081,5.6191,4.6795,28.572,27.932,26.514,22.491,22.256,21.6,0.81249,9.2311
0.48997,0.019629,0.0043518,-63.35,-55.985,-55.764,-0.50896,-0.50886,-0.50883,-0.48997,0.014674,0.37765,0.011272,0.0069416,-72.936,-62.059,-57.358,-0.39717,-0.3971,-0.39691,-0.37765,0.0097835,0.46553,0.0066703,0.0034361,-69.639,-56.687,-56.517,0.47316,0.47311,0.47296,0.46553,0.0056529,0.63253,0.0077103,0.0056581,-63.136,-56.035,-54.141,0.6459,0.6458,0.64526,0.63253,0.0071666,0.97027,0.017329,0.014546,-55.181,-48.183,-46.956,1.0462,1.0221,1.0187,0.97027,0.029335,0.23309,0.020131,0.019753,-52.202,-51.799,-51.588,-0.28559,-0.27366,-0.27211,-0.23309,0.027483,8.5425,4.2685,1.8021,-28.939,27.07,-26.741,-15.509,14.158,13.963,0.26332,7.3396,5.0702,4.8176,3.9389,23.844,23.797,21.9,-18.596,16.583,-15.389,-0.2716,7.5216,9.4328,2.1001,1.9631,27.338,26.565,26.031,-14.318,12.3,12.166,-0.73912,7.4383
0.56747,0.0051094,0.0029869,-68.018,-60.679,-55.274,-0.57723,-0.57722,-0.57701,-0.56747,0.0051893,0.48134,0.005814,0.0045382,-64.236,-58.224,-54.862,-0.51296,-0.51218,-0.51081,-0.48134,0.0080213,0.39303,0.003105,0.0023521,-65.923,-62.672,-57.791,0.40317,0.40264,0.4019,0.39303,0.0038909,0.54002,0.0056805,0.0043566,-66.567,-58.947,-54.691,0.55157,0.55127,0.5511,0.54002,0.0075334,0.98184,0.013122,0.012785,-53.886,-52.455,-46.137,1.0655,1.0326,1.0302,0.98184,0.023769,0.17721,0.017833,0.017281,-74.667,-70.11,-67.368,-0.22169,-0.22101,-0.22019,-0.17721,0.028709,2.5291,2.2028,1.9452,-37.216,-24.448,-24.39,-14.816,-14.186,-13.111,-1.9452,3.8071,4.9475,4.6017,4.4351,-28.359,-27.416,24.406,-28.121,-27.606,-26.798,-2.5456,7.6688,2.844,1.9599,1.8877,-22.943,-22.338,-20.26,-12.464,-10.207,-9.7179,0.68599,3.9297
0.56274,0.01009,0.0099378,-86.423,-85.806,-82.4,-0.5743,-0.57418,-0.57417,-0.56274,0.0126,0.47234,0.023895,0.020219,-82.098,-77.21,-76.447,-0.55175,-0.55122,-0.55108,-0.47234,0.026126,0.4144,0.008672,0.0031855,-72.58,-71.002,-70.339,0.4313,0.43078,0.42976,0.4144,0.0068563,0.53612,0.016578,0.011791,-80.481,-73.288,-71.759,0.54811,0.5481,0.548,0.53612,0.015591,0.98521,0.0090798,0.0086761,-65.792,-64.407,-64.002,1.054,1.0413,1.038,0.98521,0.022225,0.15744,0.056827,0.047816,-57.747,-57.563,-56.784,-0.2036,-0.20318,-0.20289,-0.15744,0.063584,5.1932,5.0607,4.6935,-38.155,-36.129,-31.264,-26.62,-24.966,23.895,-0.93162,7.9699,9.2458,8.746,8.0772,30.724,30.144,29.641,-57.063,-50.691,-48.571,-0.94102,14.571,5.8023,5.0931,4.3572,26.333,25.709,25.65,29.725,26.899,26.621,0.81293,7.8118
0.4974,0.003635,0.00279,-55.325,-54.721,-53.372,-0.50611,-0.50611,-0.50605,-0.4974,0.0046713,0.4235,0.0111,0.0080087,-51.238,-50.956,-50.926,-0.48399,-0.483,-0.48107,-0.4235,0.013969,0.45512,0.0097125,0.0043499,-52.18,-52.103,-51.917,0.48598,0.48516,0.4838,0.45512,0.0091795,0.60457,0.017666,0.0095474,-49.481,-49.465,-49.28,0.61995,0.61988,0.61981,0.60457,0.017075,0.98326,0.013621,0.012144,-57.55,-48.291,-47.022,1.0367,1.0354,1.0344,0.98326,0.02307,0.17502,0.03898,0.022995,-62.757,-59.304,-55.531,-0.21753,-0.21597,-0.21501,-0.17502,0.04584,2.5487,1.6776,1.6184,-27.218,-23.673,-23.386,-17.663,-17.552,-16.889,-2.5487,3.6132,5.3234,4.9621,4.0803,-35.059,26.811,25.571,-42.994,-41.238,-38.645,-3.7286,9.8165,2.8324,2.477,2.1256,-31.047,-22.839,-21.84,-12.787,-11.925,-10.548,0.61002,4.5306
0.46468,0.017453,0.017193,-61.038,-58.061,-56.625,-0.48105,-0.47956,-0.47908,-0.46468,0.020923,0.40869,0.023962,0.014031,-69.458,-66.316,-59.621,-0.44509,-0.44487,-0.444,-0.40869,0.020398,0.45946,0.02381,0.0095765,-66.204,-63.465,-58.815,0.48946,0.48877,0.48847,0.45946,0.019911,0.63611,0.0041975,0.0028887,-84.266,-62.307,-57.457,0.65304,0.65294,0.65214,0.63611,0.0053072,0.97136,0.019794,0.016284,-64.711,-61.751,-55.01,1.0424,1.0308,1.0279,0.97136,0.033594,0.19338,0.032202,0.02693,-55.144,-55.104,-55.031,-0.23225,-0.23163,-0.2314,-0.19338,0.035343,4.7463,4.2337,2.8987,22.676,22.447,22.123,-17.222,-16.998,-16.619,0.1276,6.2078,3.8233,3.6761,3.6017,-29.876,-29.316,23.801,23.808,-22.766,22.004,-1.3871,6.8989,6.9074,6.7953,4.4661,30.871,27.894,27.866,-35.855,-35.298,34.965,-0.93788,12.038
0.57188,0.017312,0.0060325,-61.913,-54.658,-54.426,-0.58815,-0.58778,-0.58699,-0.57188,0.013266,0.50453,0.021401,0.0042839,-61.983,-59.313,-55.614,-0.52917,-0.52911,-0.52887,-0.50453,0.015622,0.40129,0.0022212,0.0019436,-67.739,-59.101,-58.373,0.40594,0.40516,0.40508,0.40129,0.0027596,0.50671,0.014467,0.0041374,-65.951,-58.379,-55.104,0.52413,0.524,0.52393,0.50671,0.010987,0.99325,0.020108,0.017399,-48.928,-46.173,-45.759,1.0581,1.0537,1.0471,0.99325,0.029244,0.11812,0.053649,0.015575,-60.696,-54.056,-52.46,-0.19678,-0.19496,-0.18868,-0.11812,0.042654,6.5883,4.7913,3.3622,-38.616,-24.069,23.949,15.417,15.308,14.909,-0.68257,6.6571,9.2479,6.1419,3.1055,-29.503,27.735,27.604,23.107,22.272,18.907,-1.8649,9.5365,6.4491,4.7426,4.6156,24.431,23.301,23.053,23.509,21.063,20.1,-0.10589,7.9991
0.5304,0.01045,0.0044725,-66.599,-62.011,-58.132,-0.54709,-0.54709,-0.54705,-0.5304,0.0095599,0.45383,0.010067,0.0045326,-63.905,-61.011,-59.14,-0.48052,-0.47909,-0.47649,-0.45383,0.0085852,0.38593,0.010037,0.0034201,-64.504,-59.247,-58.483,0.39638,0.39636,0.39592,0.38593,0.0088406,0.60284,0.0095013,0.0053867,-67.427,-62.789,-59.703,0.61513,0.61506,0.61486,0.60284,0.0091437,0.96492,0.011612,0.01091,-70.525,-55.78,-44.032,1.0197,1.0187,1.0164,0.96492,0.022921,0.24324,0.0090648,0.0090246,-70.525,-54.142,-51.558,-0.28536,-0.27529,-0.2705,-0.24324,0.018013,5.4142,3.3908,3.2075,-26.867,24.962,23.911,14.707,-14.248,14.149,2.3886,7.0589,2.8972,2.7948,2.6766,-20.791,18.847,18.102,-19.297,-14.57,-13.605,-0.57667,5.6607,5.7744,4.2766,3.7724,-32.981,23.207,23.187,-18.301,18.148,-17.583,0.2138,7.1042
0.52227,0.028616,0.010925,-60.157,-55.447,-50.029,-0.55625,-0.55584,-0.55569,-0.52227,0.022719,0.57795,0.0744,0.02329,-52.026,-48.236,-46.273,-0.63519,-0.63493,-0.63402,-0.57795,0.057299,0.41,0.0068494,0.0037694,-Inf,-63.106,-54.18,0.42014,0.42008,0.41999,0.41,0.0058257,0.46885,0.052067,0.012269,-56.074,-50.93,-48.1,0.53355,0.53349,0.53319,0.46885,0.039419,0.99155,0.018387,0.014836,-60.157,-43.056,-41.085,1.0655,1.0491,1.0479,0.99155,0.027861,0.17649,0.068136,0.059712,-58.138,-57.644,-56.35,0.24942,0.22897,0.22476,0.059712,0.14032,22.567,7.7117,6.9726,-50.471,34.316,34.192,-43.301,-42.623,-42.12,-6.9726,17.618,25.111,12.926,10.281,35.182,35.16,34.616,-53.368,-52.965,-50.787,-10.281,21.488,9.4996,7.1321,4.1407,26.83,26.592,26.134,-23.157,-21.519,-21.364,-1.1363,9.4919
0.45783,0.012608,0.0068199,-61.883,-58.051,-55.207,-0.47094,-0.47017,-0.47015,-0.45783,0.011335,0.50209,0.047504,0.019481,-50.82,-50.285,-49.565,-0.57505,-0.57477,-0.57379,-0.50209,0.040181,0.44713,0.012828,0.0053297,-67.938,-61.992,-57.427,0.47638,0.47609,0.47524,0.44713,0.010364,0.57917,0.041753,0.012636,-54.392,-52.325,-51.316,0.61403,0.61372,0.61331,0.57917,0.033573,0.98542,0.025581,0.02169,-54.465,-52.176,-46.143,1.1611,1.0931,1.082,0.98542,0.041053,0.12228,0.04152,0.039797,-57.627,-54.488,-50.429,0.17026,0.15423,-0.15307,-0.04152,0.10178,5.0763,3.858,3.8387,28.22,27.167,21.911,-22.349,-22.17,-22.137,-5.0763,6.1392,7.4248,6.4469,6.087,29.378,27.659,27.516,-43.17,-42.395,-38.143,-5.2845,12.686,5.9018,5.7388,3.7488,-32.305,-30.874,26.033,-40.899,-31.998,-27.497,-0.92812,9.1725
0.44999,0.033458,0.014269,-57.979,-54.956,-52.298,-0.47625,-0.47608,-0.47587,-0.44999,0.02856,0.49154,0.082146,0.038092,-51.958,-48.266,-47.489,-0.59481,-0.59468,-0.5945,-0.49154,0.067541,0.43836,0.012512,0.0039999,-72.898,-66.922,-64.688,0.44923,0.44916,0.4491,0.43836,0.0096588,0.59773,0.037791,0.020978,-60.552,-56.81,-54.649,0.62901,0.629,0.6287,0.59773,0.031773,0.97369,0.013591,0.011586,-67.521,-65.609,-54.649,1.0433,1.0244,1.0203,0.97369,0.024898,0.14967,0.077384,0.07373,-58.86,-58.851,-55.209,-0.20171,-0.19914,-0.19817,-0.07373,0.12658,8.4817,8.4758,4.8964,30.079,29.708,29.652,-37.249,-35.487,-35.254,-4.7229,10.161,7.6329,7.3473,5.0157,29.372,28.934,28.234,-36.825,-33.106,-32.287,-5.0157,9.5769,5.6302,4.1245,3.6037,27.609,-26.877,24.893,-30.788,-30.593,-29.966,-3.5711,7.5646
0.56668,0.0073087,0.007263,-49.209,-48.878,-48.687,-0.5801,-0.58004,-0.58002,-0.56668,0.011295,0.53002,0.022391,0.022345,-46.758,-46.575,-46.493,-0.62804,-0.62783,-0.62738,-0.53002,0.031091,0.36076,0.0031881,0.0025425,-58.553,-53.52,-53.06,0.3706,0.37042,0.36985,0.36076,0.0040119,0.51573,0.024711,0.01832,-48.366,-48.269,-48.206,0.53777,0.53744,0.53709,0.51573,0.025612,0.98419,0.015452,0.013301,-51.059,-49.892,-48.831,1.0863,1.0527,1.0501,0.98419,0.028303,0.12553,0.054737,0.054101,-64.48,-64.365,-64.164,-0.18849,-0.17418,-0.17368,-0.12553,0.075202,4.4119,4.2982,3.6079,-48.996,-26.019,25.788,-33.141,-30.32,-27.97,-3.6079,6.574,6.3108,5.9765,5.0182,-37.966,28.232,27.38,-45.102,-43.964,-42.969,-3.7401,10.074,5.1613,4.1506,3.6774,-31.56,-26.746,25.892,-23.784,-23.645,-23.199,-0.071377,6.7475
0.57737,0.0088326,0.0072078,-63.985,-59.847,-58.803,-0.59109,-0.59109,-0.59103,-0.57737,0.0086648,0.4953,0.019629,0.015337,-56.783,-56.443,-56.261,-0.5401,-0.54001,-0.53991,-0.4953,0.018591,0.35628,0.0047943,0.0013274,-63.511,-62.22,-62.088,0.36355,0.36351,0.36302,0.35628,0.0038637,0.54203,0.016164,0.0075206,-58.012,-57.195,-55.491,0.55901,0.559,0.559,0.54203,0.013032,0.97164,0.014397,0.011478,-51.142,-50.627,-47.757,1.0536,1.0383,1.0271,0.97164,0.024809,0.20302,0.045038,0.035036,-60.734,-59.65,-57.002,-0.24732,-0.24716,-0.24426,-0.20302,0.046785,2.8693,2.6507,2.5274,-42.369,-26.566,-25.124,-14.961,14.433,13.898,-2.6507,4.6741,6.7092,4.5817,4.0448,25.845,25.794,23.646,-27.316,-26.658,-26.325,-1.7425,8.8463,3.6932,3.6281,2.6966,-23.135,21.16,20.665,-21.127,-18.904,-17.395,0.19391,5.8168
0.4959,0.031616,0.0097906,-58.799,-55.339,-53.967,-0.52323,-0.523,-0.52296,-0.4959,0.024626,0.45952,0.061873,0.023865,-52.158,-48.062,-46.385,-0.55603,-0.55587,-0.55543,-0.45952,0.050377,0.44319,0.006525,0.0020632,-87.427,-73.277,-67.786,0.45612,0.45545,0.45458,0.44319,0.0052955,0.58562,0.023338,0.012782,-56.545,-52.51,-50.153,0.60915,0.60901,0.60893,0.58562,0.021546,0.98443,0.019851,0.014099,-75.385,-45.168,-43.166,1.0889,1.0632,1.055,0.98443,0.031666,0.1286,0.12032,0.047455,-60.95,-60.37,-55.482,-0.23216,-0.22998,-0.22769,-0.1286,0.10294,7.5653,6.4403,4.6592,30.266,28.795,27.641,-27.186,-26.952,-26.805,-6.4403,7.7673,11.135,8.0696,5.3091,32.576,31.765,29.6,-41.487,-40.011,-39.896,-8.0696,11.553,10.602,5.0081,3.4362,28.868,28.778,26.559,-26.207,-25.625,-23.005,-2.6335,9.4701
0.47305,0.042692,0.013268,-55.088,-50.757,-49.073,-0.52157,-0.52127,-0.5211,-0.47305,0.03425,0.52215,0.077579,0.017004,-51.761,-48.342,-46.912,-0.58206,-0.58183,-0.58178,-0.52215,0.059621,0.42134,0.0080829,0.0057792,-88.152,-85.142,-80.493,0.43818,0.4376,0.43714,0.42134,0.0075139,0.56615,0.039512,0.0072656,-63.047,-61.087,-57.013,0.60642,0.60589,0.60581,0.56615,0.029193,0.97473,0.020179,0.019086,-55.687,-45.1,-42.56,1.0793,1.0365,1.0352,0.97473,0.034481,0.17623,0.044728,0.043231,-55.313,-49.667,-49.576,-0.24207,-0.23751,-0.23671,-0.043231,0.13606,10.053,7.1246,5.5661,-36.068,29.62,28.756,-31.906,-30.591,-29.931,-3.9729,10.084,16.533,10.049,7.8812,33.743,32.917,32.81,-56.157,-54.406,-50.457,-6.857,16.189,5.1268,4.5842,3.4754,-38.4,-30.651,26.732,-23.624,-21.842,-21.834,-4.5842,6.3476
