0.12044,0.038806,0.032635,-79.051,-76.356,-75.061,0.27816,0.27777,0.27606,0.12044,0.04827,0.12153,0.09955,0.054449,-55.003,-54.096,-53.602,0.34101,0.33093,0.32542,0.09955,0.10826,0.4465,0.036332,0.031037,-61.733,-60.156,-59.43,-0.53996,-0.5398,-0.53921,-0.4465,0.058645,0.86993,0.042223,0.030928,-64.294,-60.668,-58.209,-0.93966,-0.93933,-0.93916,-0.86993,0.043917,0.82623,0.053014,0.049669,-59.604,-50.966,-48.871,1.0427,1.0273,1.0122,0.82623,0.10338,0.5026,0.12697,0.085865,-51.039,-48.976,-45.375,-0.91335,-0.79649,-0.77628,-0.5026,0.14599,10.733,9.2028,7.0918,36.918,36.563,36.095,-94.683,-93.606,92.092,1.4114,21.038,12.846,11.564,11.551,38.321,38.297,37.881,153.96,133.02,128.03,0.98364,27.319,12.243,11.816,9.4748,38.168,38.054,37.394,86.736,86.682,-84.24,0.0223,22.257
0.25167,0.12474,0.035418,-52.474,-51.689,-51.178,0.40424,0.40399,0.40397,0.25167,0.094176,0.18466,0.17337,0.068908,-69.807,-63.61,-60.144,0.41199,0.41184,0.41126,0.18466,0.14337,0.49163,0.031412,0.028265,-64.027,-61.517,-61.095,-0.55345,-0.5524,-0.5495,-0.49163,0.03869,0.79158,0.077589,0.026628,-64.016,-62.733,-54.137,-0.87196,-0.87105,-0.87091,-0.79158,0.059411,0.90938,0.054974,0.022065,-44.536,-42.76,-42.722,1.2245,1.1966,1.1152,0.90938,0.079789,0.36168,0.12671,0.057258,-53.613,-51.606,-48.341,-0.66628,-0.63852,-0.61219,-0.36168,0.12787,37.041,31.765,21.352,42.835,42.329,41.51,-130.63,-129.37,-126.78,-2.1221,42.099,18.14,10.66,9.9353,36.793,33.5,32.598,-152.92,148.51,124.85,0.17607,26.487,10.481,8.4715,7.8502,33.382,32.051,31.186,71.012,69.644,62.147,3.1149,16.265
0.21781,0.035243,0.019747,-81.681,-81.434,-69.783,0.31704,0.31702,0.31575,0.21781,0.033523,0.16678,0.10425,0.058552,-67.845,-66.142,-64.593,0.3522,0.35202,0.351,0.16678,0.090931,0.51823,0.034675,0.015703,-77.387,-66.086,-57.712,-0.55415,-0.55405,-0.55388,-0.51823,0.032842,0.80332,0.021538,0.019972,-79.325,-57.187,-52.189,-0.87067,-0.86787,-0.86507,-0.80332,0.022999,0.92217,0.03606,0.029073,-53.982,-46.853,-45.349,1.1064,1.0885,1.083,0.92217,0.092308,0.35058,0.06649,0.064442,-40.389,-39.931,-39.081,-0.70346,-0.69323,-0.65803,-0.35058,0.11707,30.709,18.466,18.18,40.92,38.858,37.105,97.848,97.288,96.955,-1.1671,35.696,9.9483,9.7192,9.6511,33.27,32.507,31.932,183.27,139.71,-65.425,-0.35638,27.263,11.924,11.427,10.7,33.151,32.321,32.069,-98.78,75.008,74.114,1.6359,21.656
0.2299,0.037862,0.019216,-54.381,-51.175,-50.423,0.34763,0.34124,0.32982,0.2299,0.037451,0.19063,0.16026,0.068308,-62.463,-58.299,-57.183,0.41287,0.41264,0.41197,0.19063,0.13565,0.53333,0.034225,0.021696,-61.579,-56.76,-55.998,-0.58748,-0.58557,-0.58551,-0.53333,0.034936,0.77743,0.039666,0.012111,-65.385,-59.622,-55.931,-0.82905,-0.82873,-0.82813,-0.77743,0.032685,0.93654,0.026501,0.026444,-47.625,-44.401,-42.894,1.2065,1.183,1.1728,0.93654,0.071663,0.26814,0.089837,0.054885,-50.115,-50.019,-47.48,-0.4751,-0.47503,-0.46539,-0.26814,0.10538,37.117,33.456,30.113,43.383,42.494,42.13,136.76,136.11,134.9,2.4938,46.872,8.5568,8.3403,7.0609,31.307,30.355,29.711,89.019,83.504,71.334,-1.079,18.941,14.264,14.167,13.83,37.689,35.337,34.867,-84.794,-83.988,-83.119,-0.76473,25.721
0.23639,0.12363,0.040299,-48.722,-48.686,-48.68,0.41613,0.41382,0.40972,0.23639,0.098152,0.19319,0.15439,0.063155,-48.98,-48.825,-48.811,0.42785,0.42712,0.42712,0.15439,0.15805,0.50487,0.021681,0.021557,-61.956,-61.034,-60.276,-0.57816,-0.57793,-0.57599,-0.50487,0.031198,0.79122,0.08015,0.018722,-51.897,-51.853,-51.469,-0.85116,-0.85111,-0.85074,-0.79122,0.063135,0.9198,0.044152,0.017634,-62.688,-58.059,-46.661,1.2012,1.1994,1.1826,0.9198,0.06568,0.34981,0.11787,0.044849,-58.905,-56.065,-54.656,-0.62033,-0.59554,-0.52736,-0.34981,0.10776,24.256,22.225,22.01,42.574,41.957,41.773,133.53,133.05,128.45,-7.5825,39.049,9.264,6.2932,6.2547,31.798,31.314,31.225,127.07,108.38,-96.502,-0.3046,19.169,11.211,8.2147,6.7744,34.668,32.028,31.125,63.155,59.965,57.013,1.3961,15.487
0.29421,0.10406,0.034109,-51.941,-49.172,-49.019,0.44164,0.44129,0.44092,0.29421,0.083332,0.19403,0.16865,0.064913,-57.08,-54.17,-53.515,0.39467,0.39426,0.3941,0.19403,0.13127,0.53174,0.032153,0.022319,-73.113,-62.2,-60.874,-0.60253,-0.60245,-0.59711,-0.53174,0.036427,0.75142,0.067839,0.033142,-56.781,-53.801,-53.333,-0.82338,-0.82226,-0.82225,-0.75142,0.055423,0.94783,0.02621,0.024046,-52.372,-51.22,-48.795,1.2646,1.2371,1.2066,0.94783,0.073132,0.27751,0.077361,0.059855,-55.621,-52.935,-51.825,-0.49742,-0.45753,-0.45125,-0.27751,0.085206,26.996,18.596,14.103,42.215,41.088,38.776,-109.26,-108.41,-106.99,-6.4811,31.961,11.094,10.001,7.1574,34.326,34.085,33.473,131.64,122.73,102.36,-0.88,21.431,8.5741,8.3608,8.101,33.083,31.521,31.248,72.674,72.49,71.666,2.6437,17.298
0.23011,0.058736,0.035242,-56.852,-56.019,-55.631,0.37917,0.3789,0.37821,0.23011,0.053638,0.15676,0.13749,0.058888,-73.954,-69.806,-67.502,0.394,0.39387,0.39279,0.15676,0.11143,0.54914,0.033883,0.026769,-86.151,-71.132,-69.458,-0.60225,-0.60219,-0.60208,-0.54914,0.037221,0.77698,0.030842,0.011748,-72.239,-63.527,-60.874,-0.81221,-0.81208,-0.81201,-0.77698,0.025809,0.94839,0.025149,0.02144,-57.213,-53.303,-48.338,1.1466,1.1095,1.1007,0.94839,0.04941,0.27212,0.048404,0.037975,-56.27,-56.264,-55.558,-0.49061,-0.41508,-0.37877,-0.27212,0.065223,26.609,18.631,15.85,42.572,40.774,38.906,-80.996,-80.58,-78.823,-2.0646,32.947,7.8713,7.4743,7.2879,31.016,30.917,30.692,-55.373,52.613,49.211,-0.31411,15.271,13.244,10.679,10.428,36.943,34.403,34.348,78.414,76.955,75.316,2.3958,23.145
0.24381,0.095874,0.050629,-62.8,-62.152,-61.245,0.37595,0.37587,0.37532,0.24381,0.084059,0.19853,0.13848,0.076006,-69.896,-66.328,-66.002,0.3512,0.351,0.35065,0.19853,0.11969,0.51602,0.023808,0.020317,-62.701,-60.873,-59.762,-0.57661,-0.57631,-0.576,-0.51602,0.030867,0.78176,0.044296,0.026747,-64.519,-64.174,-62.916,-0.84113,-0.84112,-0.84099,-0.78176,0.038341,0.93779,0.030703,0.019655,-64.13,-61.334,-51.938,1.0906,1.0859,1.0772,0.93779,0.05088,0.30904,0.064754,0.057658,-64.503,-62.359,-57.511,-0.52626,-0.49995,-0.47387,-0.30904,0.078959,19.848,16.707,15.717,-48.416,41.198,40.868,114.15,111.98,111.96,-0.3211,30.424,6.0485,5.5653,5.5114,29.757,29.682,29.481,-60.737,-60.243,-48.7,-1.5727,12.428,12.312,7.5428,7.2752,35.947,33.174,32.904,59.463,56.645,-52.571,0.068816,17.734
0.26652,0.12637,0.029058,-55.073,-52.829,-52.321,0.41995,0.41971,0.41955,0.26652,0.096454,0.17667,0.16208,0.065887,-61.468,-59.825,-59.58,0.37425,0.37356,0.37297,0.17667,0.12763,0.51585,0.036806,0.022573,-70.514,-69.322,-68.748,-0.59846,-0.5983,-0.59692,-0.51585,0.037604,0.77638,0.059544,0.011737,-66.523,-59.489,-59.015,-0.83011,-0.8301,-0.83005,-0.77638,0.044599,0.93124,0.023314,0.0202,-46.933,-46.773,-46.381,1.456,1.2076,1.1292,0.93124,0.082652,0.32847,0.04995,0.026176,-52.286,-51.848,-51.795,-0.58006,-0.55391,-0.50811,-0.32847,0.071289,30.379,28.766,25.694,43.741,42.787,42.303,123.04,-122.1,121.68,-2.0986,41.547,8.4617,6.3136,6.0637,31.728,29.902,29.652,60.431,58.021,56.126,0.44816,15.858,12.696,10.443,8.6504,36.428,35.329,33.488,73.872,73.459,71.066,4.3304,20.573
0.27251,0.10699,0.042692,-50.325,-50.007,-49.801,0.40103,0.40101,0.40094,0.27251,0.083705,0.20927,0.15942,0.083429,-46.488,-46.127,-45.849,0.41059,0.41048,0.41026,0.20927,0.13691,0.50648,0.036628,0.034419,-63.714,-61.43,-59.259,-0.57036,-0.56812,-0.56713,-0.50648,0.041548,0.77193,0.057969,0.022619,-51.321,-50.399,-50.24,-0.8334,-0.83288,-0.83276,-0.77193,0.047578,0.93476,0.019,0.017026,-50.968,-48.534,-44.71,1.2614,1.0962,1.082,0.93476,0.055395,0.31367,0.070191,0.046983,-58.278,-58.031,-54.233,-0.47402,-0.45972,-0.45435,-0.31367,0.078918,32.591,19.282,15.825,42.271,39.359,37.993,-102.22,-102.18,-100.92,-8.9812,34.401,10.137,6.8112,6.4176,32.981,29.806,26.903,-52.536,49.265,-48.986,-2.4659,14.412,16.651,8.971,8.912,36.58,31.928,31.542,76.834,73.948,72.942,0.56197,21.325
0.22267,0.040986,0.038448,-53.91,-53.71,-53.519,0.37419,0.37385,0.37382,0.22267,0.052667,0.16902,0.15221,0.076004,-69.227,-68.775,-68.139,0.44813,0.4478,0.44756,0.16902,0.12934,0.48796,0.040623,0.022295,-66.603,-66.056,-64.586,-0.55463,-0.55441,-0.55425,-0.48796,0.041174,0.81224,0.064829,0.033167,-61.796,-61.061,-59.899,-0.86915,-0.86912,-0.86894,-0.81224,0.054248,0.89318,0.074793,0.018518,-51.183,-47.336,-46.458,1.1795,1.167,1.1328,0.89318,0.081397,0.38326,0.17649,0.06569,-52.378,-50.255,-49.422,-0.62586,-0.58628,-0.57196,-0.38326,0.14861,22.557,18.019,15.91,43.118,42.074,39.232,-104.78,-100.14,-98.957,-2.4852,30.689,11.024,7.5817,7.4426,35.87,33.137,32.462,161.3,129.3,123.92,0.011665,20.045,10.205,7.2073,5.508,32.11,31.947,31.385,75.154,71.061,58.711,1.9926,16.043
0.21242,0.042039,0.028019,-69.089,-68.561,-67.242,0.35314,0.35268,0.3512,0.21242,0.041278,0.14505,0.13338,0.06193,-59.838,-58.575,-58.477,0.36236,0.36179,0.36178,0.13338,0.1186,0.50739,0.021015,0.017613,-72.13,-63.416,-62.069,-0.59986,-0.59968,-0.59935,-0.50739,0.030247,0.81341,0.049025,0.0098746,-72.139,-70.859,-67.51,-0.86514,-0.86504,-0.86355,-0.81341,0.037606,0.90227,0.044739,0.017675,-51.259,-48.312,-45.896,1.1863,1.1543,1.1475,0.90227,0.068128,0.37261,0.11813,0.051717,-58.723,-55.876,-54.313,-0.57187,-0.56874,-0.55642,-0.37261,0.10636,18.461,15.952,14.915,39.088,38.676,37.569,-84.836,-82.772,-78.906,0.35697,26.478,9.4944,8.3918,8.1226,34.409,33.349,32.852,135.88,129.5,128.7,-0.88832,20.761,9.4956,8.5435,6.6206,33.979,33.867,33.089,73.274,70.249,69.985,0.84227,16.653
0.18647,0.064184,0.035351,-60.295,-57.599,-57.321,0.31904,0.31895,0.31804,0.18647,0.054022,0.15262,0.1059,0.080823,-58.087,-55.673,-54.844,0.38185,0.38184,0.38133,0.1059,0.12928,0.48368,0.028302,0.020647,-71.063,-65.32,-61.019,-0.57256,-0.57164,-0.57034,-0.48368,0.030464,0.83541,0.052492,0.016109,-61.788,-55.489,-53.53,-0.87918,-0.87898,-0.87892,-0.83541,0.041781,0.87422,0.048881,0.021615,-57.229,-47.843,-43.694,1.1149,1.0677,1.061,0.87422,0.071044,0.42718,0.12189,0.067573,-53.753,-53.589,-52.116,-0.60872,-0.5912,-0.57173,-0.42718,0.11954,32.909,28.843,19.549,42.273,42.204,40.714,116.47,116.13,113.19,1.8483,39.501,11.094,11.064,9.9905,35.334,33.639,33.122,104.84,93.185,-83.025,0.4563,22.107,12.487,9.8382,9.3524,34.548,33.928,31.626,66.18,64.691,-58.438,-0.87857,18.441
0.2396,0.10126,0.030074,-62.764,-58.962,-57.887,0.36807,0.36804,0.36796,0.2396,0.077322,0.18406,0.17572,0.073817,-61.986,-58.459,-57.231,0.39416,0.39353,0.39337,0.17572,0.14451,0.49454,0.036134,0.023928,-75.878,-72.039,-67.363,-0.55471,-0.55464,-0.55446,-0.49454,0.035985,0.79617,0.092356,0.032479,-60.612,-57.039,-56.115,-0.87635,-0.87633,-0.87623,-0.79617,0.072592,0.9037,0.077265,0.018595,-60.394,-55.52,-52.162,1.178,1.133,1.0742,0.9037,0.079288,0.3615,0.18945,0.079346,-64.669,-58.639,-55.657,-0.64123,-0.63862,-0.62581,-0.3615,0.16649,30.626,25.535,19.434,43.618,42.005,41.85,123.81,122.25,121.16,1.3282,35.855,11.937,11.223,10.055,37.13,34.992,34.709,123.52,118.83,108.23,0.91276,21.281,6.4311,5.9056,5.3267,-32.716,29.917,29.101,46.713,38.861,-35.66,-0.24292,12.303
0.2301,0.090506,0.0614,-43.073,-40.761,-40.739,0.40983,0.40925,0.40904,0.2301,0.08168,0.1589,0.12375,0.085576,-42.859,-41.647,-41.131,0.39105,0.39085,0.38928,0.12375,0.13184,0.48135,0.026548,0.025104,-40.023,-39.445,-38.49,-0.58033,-0.58024,-0.5795,-0.48135,0.033911,0.81899,0.08089,0.04059,-37.302,-34.558,-32.821,-0.8762,-0.87598,-0.87586,-0.81899,0.065059,0.87991,0.070704,0.022129,-44.508,-43.308,-38.301,1.1415,1.1038,1.0862,0.87991,0.07427,0.42412,0.15481,0.060681,-54.006,-49.843,-48.848,-0.67974,-0.67103,-0.63357,-0.42412,0.13873,28.774,25.004,19.928,42.186,41.065,39.188,-112.24,-111.87,-109.62,-2.2321,36.369,15.864,12.326,8.3943,37.121,34.917,31.5,159.93,125.73,-123.43,-0.14315,24.779,7.321,6.9709,5.3636,30.472,29.754,27.817,63.588,62.835,55.313,1.9838,13.53
0.19309,0.046779,0.045446,-59.673,-59.497,-59.419,0.3527,0.3523,0.35224,0.19309,0.054189,0.10914,0.090815,0.080767,-58.347,-57.616,-57.612,0.35112,0.35079,0.35001,0.090815,0.10308,0.47081,0.028065,0.021099,-66.706,-62.069,-61.476,-0.56413,-0.56401,-0.56395,-0.47081,0.033235,0.84656,0.048565,0.020882,-66.806,-62.885,-60.229,-0.88818,-0.88809,-0.88807,-0.84656,0.039777,0.85446,0.057472,0.020421,-52.377,-48.525,-47.664,1.2673,1.168,1.1424,0.85446,0.072685,0.4735,0.11628,0.037185,-67.36,-66.152,-60.896,-0.61294,-0.60769,-0.60715,-0.4735,0.10566,23.842,18.106,14.869,40.315,39.933,39.251,96.891,93.604,93.375,-0.19593,30.09,12.722,9.0461,8.8675,36.156,34.93,34.737,154.48,132.43,113.47,1.0835,21.266,10.178,7.7582,7.3675,33.549,32.792,31.419,97.446,89.322,69.638,2.1689,16.159
0.2142,0.096239,0.032265,-58.039,-57.384,-55.48,0.34288,0.34246,0.34162,0.2142,0.078942,0.1758,0.17565,0.043433,-49.521,-49.35,-49.23,0.34845,0.34825,0.3482,0.1758,0.1373,0.51123,0.017834,0.014651,-55.752,-49.699,-48.849,-0.567,-0.56533,-0.56266,-0.51123,0.022562,0.79587,0.070847,0.01684,-47.227,-44.654,-44.257,-0.876,-0.87599,-0.87488,-0.79587,0.054433,0.92171,0.054542,0.01668,-57.349,-49.884,-48.176,1.0539,1.0383,1.033,0.92171,0.063983,0.33231,0.14346,0.055033,-63.577,-56.863,-53.018,-0.56657,-0.56269,-0.56205,-0.33231,0.1222,21.089,20.651,20.231,42.223,42.177,40.819,113.38,112.34,111.87,0.95434,33.175,8.5284,7.2975,6.9221,32.948,32.013,31.117,126.95,108,91.398,-0.56597,17.526,6.7357,6.5864,5.5127,31.972,30.689,-30.251,50.304,48.45,39.067,1.2791,12.149
0.24486,0.11997,0.025024,-57.998,-57.693,-56.76,0.42016,0.41959,0.41925,0.24486,0.092316,0.19448,0.1899,0.069252,-52.835,-52.575,-52.251,0.43397,0.43379,0.43192,0.1899,0.15561,0.50269,0.028007,0.018768,-72.903,-70.046,-66.683,-0.56802,-0.56789,-0.56718,-0.50269,0.029974,0.78257,0.089828,0.034022,-55.258,-53.666,-53.014,-0.86717,-0.86684,-0.86626,-0.78257,0.073856,0.91533,0.063974,0.020823,-59.543,-50.699,-50.666,1.1463,1.1383,1.116,0.91533,0.070789,0.32692,0.16263,0.091269,-53.814,-53.604,-53.443,-0.62797,-0.62568,-0.61373,-0.32692,0.16937,32.423,25.27,22.314,43.79,42.378,42.295,150.96,150.7,149.37,2.1785,39.462,9.7771,9.7335,9.6442,36.477,33.129,32.889,125.55,112.69,100.64,0.89424,20.795,12.796,10.478,7.5098,36.839,36.695,32.163,67.151,60.58,55.192,-0.22239,17.865
0.25085,0.10916,0.049278,-55.321,-55.256,-55.16,0.44077,0.44023,0.44019,0.25085,0.087429,0.16659,0.16437,0.047429,-68.699,-67.82,-67.669,0.33123,0.33111,0.33105,0.16437,0.12456,0.50947,0.042009,0.027671,-68.847,-64.418,-63.029,-0.59641,-0.59619,-0.59608,-0.50947,0.043692,0.78753,0.099349,0.020583,-66.832,-65.995,-61.014,-0.87392,-0.87352,-0.8735,-0.78753,0.072894,0.91047,0.083107,0.020479,-57.603,-45.207,-42.778,1.0559,1.0543,1.0468,0.91047,0.073928,0.34609,0.19546,0.076783,-60.26,-57.071,-55.131,-0.61414,-0.58614,-0.58463,-0.34609,0.1619,25.26,21.415,12.953,41.555,41.393,38.282,-94.51,-93.679,-93.676,-1.7267,30.109,14.463,12.409,10.423,36.803,36.383,34.614,129.05,109.42,102.51,-0.0066846,22.611,7.6586,7.5385,6.3407,32.368,32.212,30.751,58.351,53.748,42.429,1.1521,15.288
0.23025,0.075438,0.02829,-55.717,-55.503,-55.436,0.37714,0.3768,0.37669,0.23025,0.062179,0.14106,0.14105,0.045278,-54.397,-54.074,-53.33,0.33831,0.3383,0.33735,0.14105,0.11302,0.53339,0.031521,0.021936,-61.414,-61.185,-61.145,-0.61765,-0.61661,-0.61514,-0.53339,0.033227,0.78906,0.060295,0.023343,-55.466,-55.256,-54.017,-0.85115,-0.85089,-0.85081,-0.78906,0.04874,0.92972,0.047381,0.029596,-56.336,-55.138,-54.764,1.1799,1.1722,1.1615,0.92972,0.082792,0.31294,0.11574,0.081068,-58.48,-53.715,-52.449,-0.53133,-0.52502,-0.49459,-0.31294,0.13064,27.425,21.614,16.213,42.611,41.958,39.216,115.99,115.81,113.03,2.6971,34.012,13.619,10.681,9.9229,36.489,35.502,34.799,97.649,91.305,76.736,0.37357,21.934,10.577,10.143,9.4397,-38.151,35.393,33.678,97.96,97.093,89.278,-0.32039,21.135
0.18599,0.070105,0.016933,-70.931,-66.702,-65.189,0.28316,0.28279,0.28188,0.18599,0.053468,0.15963,0.11583,0.046419,-60.259,-59.901,-57.31,0.34524,0.34498,0.34465,0.11583,0.12635,0.52695,0.026574,0.022308,-64.556,-57.681,-56.926,-0.61411,-0.6137,-0.6121,-0.52695,0.033688,0.80771,0.05669,0.017603,-78.536,-62.472,-62.393,-0.86494,-0.86484,-0.86441,-0.80771,0.04507,0.91874,0.053284,0.022313,-50.094,-48.521,-47.199,1.1279,1.0971,1.0779,0.91874,0.070162,0.33344,0.13177,0.065529,-63.46,-57.274,-53.61,-0.5157,-0.50701,-0.49822,-0.33344,0.12787,24.948,17.693,16.886,41.128,40.921,39.818,134.11,131.46,129.38,0.4991,32.475,14.398,13.3,7.4429,36.668,35.766,34.311,114.78,96.135,95.309,-2.2139,22.501,7.8555,6.5744,6.4827,32.338,31.179,30.892,66.403,60.02,56.274,0.97601,15.569
0.22165,0.10118,0.032422,-53.27,-52.493,-51.614,0.33905,0.33881,0.33797,0.22165,0.077504,0.18464,0.17192,0.067781,-64.987,-64.721,-59.222,0.4084,0.40806,0.4059,0.17192,0.14262,0.51433,0.02807,0.019385,-78.694,-72.067,-60.173,-0.5781,-0.57747,-0.57595,-0.51433,0.030003,0.79231,0.058227,0.020299,-57.494,-55.522,-51.738,-0.85419,-0.85407,-0.85406,-0.79231,0.045004,0.92869,0.038846,0.033355,-45.977,-44.44,-43.614,1.1481,1.1274,1.1239,0.92869,0.07789,0.33526,0.099953,0.075032,-62.226,-60.335,-58.579,-0.53633,-0.52965,-0.51985,-0.33526,0.10291,54.529,46.861,24.331,45.619,44.387,41.488,-158.15,-152.97,-149.43,-4.1913,58.299,13.41,11.036,8.9943,33.065,32.859,31.956,-131.62,-103.02,-73.174,1.0369,23.245,12.414,11.085,10.692,33.27,32.866,32.744,62.946,59.62,59.265,3.6091,20.296
0.24491,0.08156,0.035289,-56.256,-51.519,-51.018,0.37379,0.37322,0.37214,0.24491,0.066146,0.15974,0.15883,0.049462,-76.925,-68.809,-67.375,0.37322,0.37282,0.37098,0.15974,0.12142,0.50109,0.03087,0.017529,-70.077,-61.372,-58.967,-0.56558,-0.56534,-0.56454,-0.50109,0.029087,0.80081,0.065535,0.013232,-60.801,-55.087,-54.985,-0.85821,-0.85803,-0.85783,-0.80081,0.047975,0.90948,0.050499,0.022921,-52.144,-48.833,-46.03,1.1198,1.07,1.0637,0.90948,0.066814,0.36944,0.12171,0.050565,-47.532,-47.208,-46.599,-0.57173,-0.54191,-0.53732,-0.36944,0.10702,29.497,29.445,18.559,41.048,40.665,40.349,-102.98,-102.03,-101.88,-3.3533,36.538,10.989,10.137,10.067,33.766,33.574,33.285,106.89,94.327,79.566,-0.24647,21.882,10.521,9.4009,8.8564,33.152,32.725,30.216,57.461,57.325,54.493,2.7755,15.32
0.20132,0.049985,0.022872,-72.673,-68.083,-66.72,0.309,0.30892,0.30809,0.20132,0.043541,0.19037,0.11533,0.060397,-55.518,-53.911,-53.344,0.37706,0.37704,0.37595,0.19037,0.10412,0.51456,0.025139,0.018231,-69.373,-67.209,-61.904,-0.56765,-0.56729,-0.56675,-0.51456,0.030522,0.80269,0.024254,0.015638,-63.047,-60.781,-58.224,-0.83796,-0.83778,-0.83709,-0.80269,0.024103,0.92151,0.020208,0.018864,-56.139,-47.575,-44.427,1.0937,1.0926,1.081,0.92151,0.055316,0.32639,0.062093,0.060941,-54.013,-53.722,-52.991,-0.5463,-0.49332,-0.49052,-0.32639,0.088011,23.676,21.681,16.808,41.571,41.276,40.404,-109.75,-107.59,-107.03,1.0086,32.238,8.1517,5.3253,4.575,31.891,29.464,29.38,-65.683,-59.797,52.174,0.94007,13.8,13.851,12.721,12.257,35.956,35.941,35.914,-72.424,-68.821,67.113,1.7331,21.135
0.23082,0.014633,0.01085,-61.117,-57.568,-57.156,0.28092,0.28078,0.28032,0.23082,0.021926,0.14854,0.13595,0.036826,-59.569,-58.135,-57.176,0.33111,0.33079,0.32989,0.14854,0.10442,0.46582,0.042641,0.019358,-81.331,-66.744,-63.699,-0.54506,-0.54299,-0.54286,-0.46582,0.038571,0.83278,0.048151,0.015468,-66.572,-63.002,-59.079,-0.87693,-0.87665,-0.87552,-0.83278,0.037497,0.85957,0.083735,0.028413,-54.192,-53.014,-49.789,1.1827,1.1336,1.1282,0.85957,0.092509,0.44918,0.16464,0.061936,-52.311,-52.259,-51.533,-0.66607,-0.66301,-0.66003,-0.44918,0.1399,15.618,15.035,12.64,38.816,37.059,36.213,67.117,66.884,64.764,1.1993,26.653,9.6796,9.3061,9.2551,34.819,33.529,33.388,162.67,142.59,131.93,-0.62389,22.929,11.361,8.0077,7.8056,36.146,34.063,33.524,71.254,63.278,59.39,-0.42664,17.128
0.20266,0.061033,0.028268,-59.341,-57.354,-56.576,0.33701,0.33691,0.3361,0.20266,0.051143,0.14393,0.12234,0.050472,-47.244,-44.578,-44.511,0.35421,0.3534,0.35244,0.12234,0.11831,0.51716,0.027779,0.026791,-82.336,-74.002,-72.21,-0.58083,-0.58018,-0.58001,-0.51716,0.031075,0.81139,0.029763,0.013607,-57.183,-54.997,-54.938,-0.84574,-0.84513,-0.84409,-0.81139,0.026398,0.91776,0.017095,0.017009,-66.057,-43.081,-42.898,1.2831,1.2699,1.1481,0.91776,0.068049,0.35467,0.049206,0.033475,-50.993,-43.885,-43.432,-0.56799,-0.50205,-0.4682,-0.35467,0.080453,28.901,23.419,20.448,41.102,41.073,38.061,-95.762,-95.395,-95.315,-9.5637,33.52,10.539,10.29,7.2853,34.011,31.262,29.801,-85.159,-62.438,-56.259,-3.2052,15.685,8.034,5.2123,4.8841,30.143,27.637,27.514,-43.3,-41.177,-40.008,-2.8675,11.4
0.2059,0.11669,0.029956,-47.415,-47.37,-47.31,0.35099,0.35096,0.3499,0.2059,0.091556,0.18961,0.12967,0.052094,-47.67,-45.046,-44.897,0.38487,0.38442,0.38366,0.12967,0.14874,0.50104,0.031484,0.025143,-62.098,-58.185,-56.656,-0.57573,-0.57542,-0.57492,-0.50104,0.030686,0.80991,0.065077,0.017428,-50.426,-48.855,-47.528,-0.86323,-0.8628,-0.86279,-0.80991,0.051074,0.90941,0.041685,0.023001,-41.294,-39.991,-39.672,1.2882,1.1318,1.0679,0.90941,0.072042,0.37437,0.10442,0.042309,-50.988,-50.084,-46.965,-0.48804,-0.48682,-0.48362,-0.37437,0.092342,30.308,29.357,22.452,41.845,41.179,40.164,-124.24,-119.53,-114.37,-11.504,36.507,10.375,7.0517,6.2811,32.285,29.035,28.733,-77.575,-72.337,-55.107,-3.5428,13.996,7.5221,5.5802,5.5315,29.026,29.001,26.729,-43.032,-40.96,37.286,1.0265,11.594
0.22524,0.10817,0.042615,-62.168,-58.152,-56.232,0.39018,0.39007,0.38965,0.22524,0.084235,0.17965,0.16416,0.049374,-60.83,-57.084,-56.283,0.39916,0.39879,0.39787,0.16416,0.13654,0.50554,0.0314,0.019839,-74.809,-66.854,-56.967,-0.57103,-0.57043,-0.56945,-0.50554,0.032496,0.79863,0.064796,0.012335,-64.476,-56.972,-55.801,-0.85338,-0.85186,-0.85162,-0.79863,0.048036,0.91959,0.031659,0.017151,-48.269,-46.161,-44.327,1.1805,1.1224,1.0895,0.91959,0.061652,0.34646,0.096718,0.038672,-51.78,-46.84,-45.617,-0.69117,-0.55635,-0.55032,-0.34646,0.095765,29.792,27.417,21.731,42.88,42.161,37.876,-102.73,-101.75,-101.12,-3.5384,35.988,8.1737,7.8376,7.7039,31.616,30.976,29.467,-93.153,92.075,87.844,-1.5996,18.888,8.7276,8.2728,8.1483,31.463,30.939,29.037,65.399,54.695,54.337,0.91446,14.334
0.19998,0.068701,0.03325,-68.194,-63.162,-58.256,0.3297,0.3294,0.32923,0.19998,0.05669,0.15453,0.14797,0.054302,-79.661,-67.362,-62.164,0.3457,0.34518,0.34507,0.15453,0.11456,0.49013,0.02994,0.018739,-62.629,-56.499,-55.284,-0.55881,-0.55858,-0.55204,-0.49013,0.03054,0.82324,0.041483,0.014985,-63.473,-60.273,-58.049,-0.86419,-0.86413,-0.864,-0.82324,0.032427,0.89595,0.034721,0.032532,-49.576,-48.01,-46.417,1.3232,1.2582,1.1709,0.89595,0.091524,0.39717,0.077917,0.053738,-53.308,-52.525,-44.978,-0.60665,-0.59755,-0.59207,-0.39717,0.096595,33.094,33.021,16.267,42.705,42.005,39.975,-101.1,-96.729,-95.414,-0.61932,38.04,12.749,12.461,11.405,35.972,33.892,31.522,158.55,143.94,-105.7,0.42148,27.128,9.7994,9.3111,9.0027,31.002,30.545,30.507,61.059,60.956,58.1,-0.88941,18.031
0.20826,0.075881,0.032988,-56.174,-53.138,-52.958,0.31997,0.31931,0.31886,0.20826,0.064184,0.17337,0.14413,0.065919,-77.636,-75.932,-72.951,0.35006,0.34919,0.34878,0.17337,0.12144,0.50764,0.024849,0.019107,-57.834,-56.994,-56.393,-0.58523,-0.58498,-0.58422,-0.50764,0.029265,0.80517,0.036935,0.014014,-74.771,-72.123,-60.526,-0.86848,-0.8675,-0.8672,-0.80517,0.030735,0.91678,0.030802,0.024083,-43.306,-42.594,-40.136,1.363,1.23,1.1646,0.91678,0.09102,0.35066,0.061291,0.041545,-51.585,-50.99,-50.551,-0.62534,-0.6097,-0.59436,-0.35066,0.085749,25.586,18.874,18.751,42.159,40.418,40.326,-98.058,-97.572,-97.291,0.4176,32.365,9.6658,9.2385,8.6978,34.854,34.542,33.658,258.88,167.87,158,-1.0679,27.078,9.3778,9.1158,7.4479,35.478,32.74,32.543,68.417,66.764,63.096,-1.258,17.474
0.23123,0.1185,0.036489,-69.763,-69.345,-67.511,0.36742,0.36736,0.36707,0.23123,0.09025,0.18142,0.17605,0.062125,-90.88,-81.825,-79.124,0.38815,0.3869,0.3868,0.17605,0.14605,0.49343,0.016414,0.013751,-75.676,-74.41,-73.948,-0.57125,-0.56807,-0.56675,-0.49343,0.021595,0.7993,0.071441,0.023304,-67.553,-67.03,-66.983,-0.87343,-0.87301,-0.87286,-0.7993,0.057873,0.90905,0.051898,0.019758,-55.332,-54.324,-47.659,1.0959,1.0708,1.0545,0.90905,0.063687,0.35648,0.1214,0.065334,-60.716,-57.462,-56.767,-0.64116,-0.63697,-0.60448,-0.35648,0.12499,26.883,25.681,17.71,43.54,42.536,42.127,114.96,114.23,113.75,-0.12833,38.504,12.636,8.0762,5.8562,35.45,33.879,32.543,116.54,113.43,108.9,-0.35568,19.649,11.883,10.648,10.303,36.949,35.999,34.401,67.023,66.019,61.362,-0.4381,18.432
0.24064,0.12156,0.054652,-49.828,-49.521,-49,0.42615,0.42599,0.42489,0.24064,0.097585,0.15081,0.12738,0.055388,-48.597,-47.437,-47.375,0.32726,0.32714,0.32608,0.12738,0.11964,0.50715,0.030729,0.026782,-60.675,-60.506,-59.11,-0.6002,-0.59998,-0.59904,-0.50715,0.035608,0.80002,0.081758,0.016606,-51.56,-50.827,-50.457,-0.86616,-0.86606,-0.86597,-0.80002,0.061403,0.91009,0.058759,0.021648,-57.251,-48.622,-48.062,1.1431,1.1394,1.0729,0.91009,0.061495,0.37511,0.12544,0.05287,-60.695,-58.11,-56.302,-0.52212,-0.51661,-0.5152,-0.37511,0.10617,20.323,18.496,16.48,39.068,38.519,37.28,-85.261,-83.974,-81.28,-8.2254,25.026,10.676,7.1813,5.3402,33.389,30.686,27.461,-72.729,-72.702,-70.115,-3.4904,14.801,8.2379,5.7966,5.7089,30.411,29.844,28.406,-60.526,-60.425,-56.236,0.42621,13.598
0.18761,0.064621,0.027847,-82.065,-77.929,-77.838,0.31309,0.31288,0.31198,0.18761,0.05292,0.14111,0.13966,0.065642,-60.243,-57.156,-56.898,0.31709,0.31594,0.31536,0.14111,0.1157,0.53085,0.028325,0.019521,-74.474,-70.481,-70.038,-0.58599,-0.58594,-0.58582,-0.53085,0.027964,0.80333,0.034774,0.02096,-88.56,-87.229,-86.161,-0.85954,-0.85934,-0.85914,-0.80333,0.030602,0.92936,0.031379,0.026884,-55.759,-47.998,-45.914,1.2598,1.1775,1.1449,0.92936,0.079835,0.32099,0.082921,0.059944,-51.293,-50.132,-49.992,-0.50973,-0.4887,-0.48224,-0.32099,0.087892,26.504,22.858,15.941,41.556,40.271,37.14,79.242,78.482,-77.568,0.44773,31.619,10.76,9.8553,7.0455,33.727,32.964,30.049,140.14,111.55,94.045,-0.49757,20.418,9.7023,8.7101,7.6768,32.828,31.891,30.794,70.289,68.498,60.106,1.6812,18.053
0.17318,0.097986,0.021132,-58.14,-54.717,-54.419,0.31056,0.31017,0.31012,0.17318,0.074416,0.17227,0.11219,0.05194,-47.858,-45.2,-45.183,0.33408,0.33397,0.33315,0.11219,0.13492,0.50679,0.033641,0.028515,-61.956,-58.077,-54.955,-0.59026,-0.58967,-0.5879,-0.50679,0.034806,0.8212,0.048175,0.01382,-58.335,-53.477,-50.805,-0.88145,-0.88127,-0.8804,-0.8212,0.038502,0.90706,0.035522,0.023472,-44.924,-44.826,-44.332,1.2468,1.1253,1.1226,0.90706,0.067952,0.37442,0.084692,0.043104,-72.119,-56.597,-55.873,-0.56195,-0.54332,-0.52492,-0.37442,0.095534,26.693,24.293,19.128,41.589,39.744,37.696,-110.2,-106.2,-100.9,-8.9422,30.876,9.569,9.4242,9.1575,33.23,30.83,30.712,-69.763,-68.589,-68.584,-4.3503,17.051,6.5892,6.1026,5.5615,28.516,28.419,28.335,-39.315,-36.808,-35.816,-1.8524,12.094
0.20255,0.1415,0.039843,-72.867,-68.39,-66.655,0.37428,0.37367,0.37286,0.20255,0.11101,0.20242,0.14616,0.10056,-75.965,-65.314,-65.158,0.41893,0.41832,0.41776,0.14616,0.16741,0.48023,0.021687,0.019281,-72.039,-68.243,-63.461,-0.55916,-0.55832,-0.55812,-0.48023,0.032733,0.81273,0.089182,0.036749,-67.292,-63.22,-60.377,-0.88558,-0.88543,-0.88537,-0.81273,0.072081,0.88313,0.065974,0.024961,-66.646,-64.909,-64.445,1.2016,1.1309,1.1017,0.88313,0.08241,0.39699,0.1613,0.10508,-47.496,-47.015,-46.568,-0.73988,-0.68985,-0.61428,-0.39699,0.16203,37.283,31.831,31.628,45.621,45.265,43.322,-167.51,-164.96,-164.34,0.20518,49.581,12.307,11.105,9.3256,34.928,34.758,33.774,-113.02,103.69,-99.595,0.13171,20.131,11.386,10.291,9.4369,35.753,35.094,34.265,79.083,78.582,75.059,-0.049305,19.486
0.23878,0.12401,0.035931,-52.038,-51.224,-50.559,0.40117,0.40084,0.40014,0.23878,0.097732,0.1724,0.13733,0.057668,-47.39,-45.737,-45.723,0.35607,0.35592,0.35497,0.13733,0.13755,0.49119,0.03697,0.033338,-52.817,-52.674,-51.697,-0.57939,-0.57931,-0.57841,-0.49119,0.041181,0.80469,0.093902,0.031509,-48.556,-48.202,-48.126,-0.88213,-0.88209,-0.88202,-0.80469,0.073868,0.89622,0.082532,0.036889,-69.562,-47.807,-47.689,1.3883,1.3233,1.224,0.89622,0.091279,0.39275,0.17151,0.093213,-61.884,-53.553,-47.303,-0.57698,-0.57231,-0.56572,-0.39275,0.15275,26.025,21.867,20.271,40.86,40.315,38.511,-103.54,-101.44,-101.34,-8.8903,33.33,13.753,8.6285,8.0364,35.559,32.893,30.524,-90.179,-85.613,-84.517,-4.9096,17.551,5.5173,4.9826,4.3529,26.988,26.771,26.065,-33.877,-33.841,-33.393,-0.47054,10.357
0.18302,0.069604,0.023168,-71.856,-62.782,-61.847,0.32168,0.32139,0.32134,0.18302,0.055997,0.15824,0.13786,0.069248,-62.608,-57.771,-56.12,0.41598,0.41591,0.41483,0.13786,0.12841,0.50481,0.027691,0.022271,-61.226,-59.575,-58.845,-0.56353,-0.56301,-0.56295,-0.50481,0.033753,0.81902,0.041014,0.02437,-68.933,-67.773,-56.266,-0.86316,-0.86315,-0.863,-0.81902,0.035346,0.90609,0.028087,0.022691,-47.381,-46.415,-42.937,1.2231,1.139,1.1049,0.90609,0.065134,0.36907,0.083972,0.07508,-49.564,-48.487,-47.998,-0.55636,-0.53075,-0.52695,-0.36907,0.09125,31.191,27.534,23.964,43.869,41.414,39.049,-103.42,-101.27,-98.701,-0.41982,38.645,12.079,10.698,7.7748,32.728,32.405,32.336,110.39,85.417,-81.309,-1.4954,20.208,10.412,9.2888,7.726,-33.826,32.83,32.212,77.637,76.202,72.228,2.2628,17.117
0.14999,0.091761,0.031259,-71.018,-64.701,-64.018,0.28607,0.28588,0.28578,0.14999,0.070407,0.17354,0.10613,0.054931,-71.018,-68.237,-67.868,0.38363,0.38348,0.38234,0.10613,0.13936,0.50495,0.024363,0.022877,-79.317,-70.199,-64.748,-0.58149,-0.58142,-0.58025,-0.50495,0.03372,0.82659,0.061334,0.026062,-71.713,-68.245,-66.13,-0.89002,-0.88989,-0.88878,-0.82659,0.050709,0.89779,0.051085,0.027353,-59.524,-49.891,-49.571,1.1534,1.1333,1.1226,0.89779,0.067222,0.37691,0.1385,0.065207,-53.895,-52.79,-52.092,-0.62194,-0.58298,-0.5779,-0.37691,0.13597,23.51,21.888,16.512,42.448,42.306,41.253,112.72,111.17,104.64,-0.14613,33.35,12.928,9.7268,9.1292,36.711,35.189,34.83,155.48,129.39,128.36,-0.76726,23.21,10.645,8.6286,4.1929,34.755,31.424,30.842,46.848,-39.219,39.173,0.18841,13.307
0.23632,0.044566,0.028536,-54.827,-54.707,-53.87,0.36353,0.36321,0.36312,0.23632,0.04687,0.1562,0.14539,0.076005,-55.615,-55.534,-54.659,0.41517,0.41485,0.4139,0.14539,0.13423,0.46963,0.030711,0.029569,-58.272,-57.627,-57.552,-0.55322,-0.55312,-0.55294,-0.46963,0.037886,0.82274,0.071444,0.031311,-53.067,-52.841,-52.527,-0.87903,-0.87888,-0.87822,-0.82274,0.063985,0.86188,0.068009,0.029836,-56.957,-50.58,-49.672,1.1446,1.1019,1.0672,0.86188,0.07506,0.43498,0.17915,0.074082,-59.497,-58.626,-57.709,-0.65512,-0.65113,-0.64231,-0.43498,0.16623,29.011,22.307,21.733,44.341,42.935,42.883,125.65,123.69,123.47,2.3226,38.516,11.189,10.513,8.6381,35.359,34.686,34.295,197.67,158.12,155.77,2.2863,24.135,10.583,9.0253,8.6965,33.705,33.4,32.531,-83.645,-81.989,-81.819,-1.223,17.826
0.24183,0.12664,0.035395,-53.75,-50.619,-49.973,0.38512,0.3849,0.38487,0.24183,0.097605,0.19267,0.17658,0.049142,-49.525,-47.397,-47.266,0.41616,0.41599,0.41576,0.17658,0.14693,0.49844,0.02572,0.020871,-Inf,-71.907,-61.491,-0.54737,-0.54624,-0.54595,-0.49844,0.026189,0.79127,0.082897,0.025791,-59.262,-53.276,-50.984,-0.8607,-0.86043,-0.86015,-0.79127,0.064172,0.91333,0.056738,0.02832,-41.945,-41.182,-38.002,1.2709,1.1659,1.0674,0.91333,0.10625,0.35692,0.14236,0.058724,-54.927,-54.274,-49.578,-0.53992,-0.53193,-0.51952,-0.35692,0.12474,21.741,20.049,16.039,39.917,39.874,39.229,-110.58,-110.24,-108.36,-8.0813,31.077,6.0058,5.9026,5.3455,29.766,28.995,28.643,-133.89,-75.714,-61.639,-1.9738,20.218,9.1911,6.5845,5.1331,32.151,32.036,29.925,-43.875,-41.241,-41.002,1.1954,14.032
